"vague","grappe","s01q01","s01q02__1","s01q02__2","s01q02__3","s01q02__4","s01q02__5","s01q02__6","s01q02__7","s01q02__8","s01q02__9","s01q02__10","s01q02__11","s01q02_autre","s01q03__1","s01q03__2","s01q03__3","s01q03__4","s01q03__5","s01q03__6","s01q03__7","s01q03__8","s01q03__9","s01q03__10","s01q03_autre","s01q04","s01q04_autre","s01q05","s01q06","s01q06_autre","s01q07","s01q08__1","s01q08__2","s01q08__3","s01q08__4","s01q09","s01q10","s01q11","s01q12","s01q13__1","s01q13__2","s01q13__3","s01q13__4","s01q13__5","s01q14__1","s01q14__2","s01q14__3","s01q14__4","s01q14__5","s01q14__6","s01q14__7","s01q14__8","s01q14__9","s01q14__10"
2,2,1500,1,2,0,0,0,0,0,0,0,0,0,,0,0,0,0,0,0,2,1,0,0,,2,,0,1,,1,1,1,2,2,2,1,2,1,1,1,1,2,2,1,2,1,1,2,2,2,1,1,1
1,3,81982,1,0,0,0,2,0,0,0,0,0,0,,0,0,0,0,0,0,0,1,2,0,,3,,1,1,,1,1,1,2,2,2,1,1,1,1,1,1,2,2,1,2,1,1,2,2,2,1,1,1
2,4,,1,2,0,0,0,0,0,0,0,0,0,,0,0,0,0,0,0,1,2,0,0,,2,,1,1,,1,1,1,2,2,2,1,1,1,1,1,1,2,2,1,2,2,1,2,2,2,1,1,1
1,5,38000,1,0,0,0,0,0,0,0,0,0,2,"lebou",0,0,0,0,1,0,0,2,0,0,,3,,1,1,,1,2,1,2,2,2,1,1,1,1,1,1,2,2,1,2,1,1,2,2,2,1,1,1
2,6,3000,1,0,0,0,2,0,0,0,0,0,0,,0,0,0,0,0,0,0,1,2,0,,3,,0,1,,1,2,1,2,2,2,1,2,1,1,1,1,2,2,1,2,1,2,2,2,2,1,1,1
1,7,,1,0,0,0,0,0,0,0,0,0,0,,0,0,0,0,0,0,0,2,1,0,,2,,5,1,,1,1,1,2,2,2,1,1,1,1,1,1,2,2,1,1,1,1,2,2,1,1,1,1
2,8,,1,0,2,0,0,0,0,0,0,0,0,,0,0,0,0,0,0,2,1,0,0,,2,,0,1,,1,1,1,,,2,1,1,1,1,1,1,2,2,1,2,1,1,2,2,2,1,1,1
1,9,1111,1,0,0,0,0,0,0,0,0,0,0,,0,0,0,0,0,0,0,1,2,0,,3,,3,1,,1,1,1,2,2,2,1,1,2,1,1,1,2,2,1,2,2,2,2,2,2,1,2,1
2,10,7000,1,2,0,0,0,0,0,0,0,0,0,,0,0,0,2,0,0,0,1,0,0,,2,,2,1,,1,1,1,2,2,2,1,2,1,1,1,1,2,2,1,2,1,1,2,2,2,1,1,2
1,11,110000,1,2,0,0,0,0,0,0,0,0,0,,0,0,0,0,0,0,0,1,0,0,,3,,0,1,,1,2,1,2,2,2,1,1,1,1,1,1,2,2,1,1,2,2,2,2,1,1,1,1
2,12,2400,1,2,0,0,0,0,0,0,0,0,0,,0,0,0,2,0,0,0,1,0,0,,4,,1,1,,1,1,1,2,2,2,1,2,2,1,1,1,2,2,1,2,2,2,2,2,2,1,1,1
1,13,6000,1,0,0,0,0,0,0,0,0,0,0,,0,0,0,0,0,0,0,1,2,0,,3,,8,1,,1,2,1,2,2,2,3,1,1,1,1,1,2,2,1,1,2,2,2,2,2,1,1,1
2,14,2060,1,0,0,0,0,0,0,0,0,0,2,"Lebou",0,0,0,0,2,0,0,1,0,0,,3,,6,1,,1,1,1,2,2,2,1,1,2,1,1,1,2,2,1,2,1,1,2,2,2,1,1,1
1,15,10000,1,0,0,0,0,0,0,0,0,0,2,"français",0,0,0,0,0,0,0,1,2,0,,2,,0,1,,1,1,1,2,2,2,1,1,1,1,1,1,2,2,1,1,1,1,2,2,1,1,1,1
2,16,3700,1,0,0,2,0,0,0,0,0,0,0,,0,0,0,0,0,0,0,2,1,0,,3,,0,1,,1,1,1,2,2,2,1,1,1,1,1,1,2,2,1,2,1,1,2,2,2,1,1,1
1,17,2050,1,2,0,0,0,0,0,0,0,0,0,,0,0,0,0,0,0,0,1,2,0,,2,,2,1,,1,1,1,2,2,2,1,1,1,1,1,1,2,2,1,2,2,2,2,2,2,1,1,1
2,18,2000,1,2,0,0,0,0,0,0,0,0,0,,0,0,0,2,0,0,0,1,0,0,,4,,3,1,,1,1,1,2,2,2,1,1,1,1,1,1,2,2,1,2,1,1,2,2,2,1,1,1
1,19,50000,1,0,0,0,0,0,0,0,0,0,0,,0,0,0,0,2,0,0,1,0,0,,5,,1,1,,1,2,1,2,2,2,1,1,1,1,1,1,2,2,1,2,2,2,2,2,2,1,1,1
2,20,1000,1,2,0,0,0,0,0,0,0,0,0,,0,0,0,0,0,0,0,1,2,0,,3,,0,1,,1,1,1,2,2,2,1,2,2,1,1,1,2,2,1,2,2,2,2,2,2,1,2,2
1,21,15000,1,0,0,0,0,0,0,0,0,0,2,"FRANÇAIS",0,0,0,0,0,0,0,2,1,0,,2,,0,1,,1,1,1,2,2,2,1,1,1,1,1,1,2,2,1,2,1,2,2,2,2,2,1,1
2,22,2000,1,0,2,0,0,0,0,0,0,0,0,,0,0,0,0,0,0,0,1,2,0,,4,,3,1,,1,1,1,2,2,2,1,2,1,1,1,1,2,2,1,2,1,1,2,2,1,1,1,1
1,23,9999,1,0,0,0,0,0,0,0,0,0,2,"Français",0,0,0,0,0,0,0,0,1,0,,2,,7,1,,1,2,1,2,2,2,1,1,1,1,1,1,2,2,1,1,1,1,2,2,1,1,1,1
2,24,240,1,0,0,0,0,0,0,0,2,0,0,,0,0,0,0,0,0,0,1,2,0,,3,,0,1,,1,2,1,2,2,2,1,1,1,1,1,1,2,2,1,2,2,1,2,2,2,1,1,1
1,25,9999,0,2,0,0,0,1,0,0,0,0,0,,0,0,0,0,0,0,0,1,0,0,,3,,6,1,,1,,,,,,,2,2,1,1,1,2,2,1,2,2,2,2,2,2,1,1,1
2,26,3278,1,0,2,0,0,0,0,0,0,0,0,,0,0,0,0,0,0,0,1,2,0,,3,,0,1,,1,2,1,2,2,2,1,1,1,1,1,1,2,2,1,1,2,2,2,2,2,1,1,1
1,27,3885,0,1,2,0,0,0,0,0,0,0,0,,0,0,0,0,0,0,0,1,0,0,,2,,7,1,,1,2,1,2,2,2,1,1,1,1,1,1,2,2,1,2,2,2,2,2,2,1,1,1
2,28,2622,1,2,0,0,0,0,0,0,0,0,0,,0,0,0,0,0,0,0,1,2,0,,4,,0,1,,1,2,1,2,2,2,1,1,1,1,1,1,2,2,1,1,2,2,2,2,2,2,1,1
1,29,9999,1,0,0,0,0,0,0,0,0,0,0,,0,0,0,1,0,0,0,2,0,0,,3,,0,3,,1,2,1,2,2,2,1,1,1,1,1,1,2,2,1,2,2,1,2,2,1,2,2,1
2,30,9999,1,2,0,0,0,0,0,0,0,0,0,,0,0,0,0,0,0,0,2,1,0,,3,,0,1,,1,2,1,2,2,2,1,1,1,1,1,1,2,2,1,2,1,1,2,2,2,1,1,1
1,31,,1,0,2,0,0,0,0,0,0,0,0,,0,0,0,2,0,0,0,1,0,0,,3,,0,1,,1,2,1,2,2,2,1,1,1,1,1,1,2,2,1,2,1,1,2,2,2,1,1,1
2,32,592,1,0,0,0,0,2,0,0,0,0,0,,0,0,0,0,0,0,0,1,2,0,,2,,0,1,,1,2,1,2,2,2,1,1,1,1,1,1,2,2,1,2,1,2,2,2,2,1,,1
1,33,,1,2,0,0,0,0,0,0,0,0,0,,0,0,0,2,0,0,0,1,0,0,,3,,0,1,,1,2,1,2,2,2,1,1,1,1,1,1,2,2,1,1,1,1,2,2,2,1,1,1
2,34,500,2,1,0,0,0,0,0,0,0,0,0,,0,0,0,0,0,0,0,1,0,0,,3,,0,1,,1,,,,,,,1,1,1,1,1,2,2,1,1,1,1,2,2,2,1,1,1
1,35,9999,1,2,0,0,0,0,0,0,0,0,0,,0,0,0,0,0,0,0,1,0,0,,2,,0,1,,1,2,1,2,2,2,1,1,1,1,1,1,2,2,1,2,2,2,2,2,2,2,2,1
2,36,65000,2,1,0,0,0,0,0,0,0,0,0,,0,0,0,0,2,0,0,1,0,0,,3,,0,1,,1,2,1,2,2,2,1,1,1,1,1,1,2,2,1,1,2,2,2,2,2,1,1,1
1,37,1096830,1,2,0,0,0,0,0,0,0,0,0,,0,0,0,0,0,0,1,2,0,0,,2,,19,2,,1,2,1,,,2,1,1,1,1,1,1,2,2,1,2,2,2,2,2,2,2,2,1
2,38,1885,1,0,0,0,0,2,0,0,0,0,0,,0,0,0,0,0,0,0,1,0,2,"chauffeur",3,,0,2,,1,1,1,,,2,1,1,1,1,1,1,2,2,1,1,1,1,2,2,2,1,2,2
1,39,1096830,1,2,0,0,0,0,0,0,0,0,0,,0,0,0,0,0,0,0,1,2,0,,2,,19,2,,1,,1,,,2,1,1,1,1,1,1,,2,1,2,2,2,2,2,2,2,1,1
2,40,2500,1,2,0,0,0,0,0,0,0,0,0,,0,0,0,0,0,0,0,1,2,0,,3,,0,1,,1,1,1,,,2,1,1,1,1,2,1,2,2,1,2,1,1,2,2,2,1,1,1
1,41,15000,1,0,0,0,0,0,0,0,0,0,0,,0,0,0,0,0,0,0,1,2,0,,2,,24,1,,1,1,1,2,2,2,1,1,1,1,1,1,2,2,1,2,2,1,2,2,1,1,2,1
2,42,1500,1,2,0,0,0,0,0,0,0,0,0,,0,0,0,0,0,0,2,1,0,0,,7,"sablonneuse",0,6,"route sabloneuse",2,,,,,,,1,1,1,1,1,2,2,2,2,2,2,2,2,2,2,2,1
1,43,2250,2,1,0,0,0,0,0,0,0,0,0,,0,0,0,0,0,0,0,1,0,2,"maconnerie",3,,30,1,,1,1,1,2,2,2,1,1,1,1,1,1,2,2,2,2,1,1,2,2,1,1,2,1
2,44,1800,1,2,0,0,0,0,0,0,0,0,0,,0,0,0,0,0,0,0,1,2,0,,3,,0,6,"route sabloneuse",2,,,,,,,1,1,1,1,1,2,2,1,2,1,1,2,2,2,1,1,2
1,45,4020,1,2,0,0,0,0,0,0,0,0,0,,0,0,0,0,0,0,0,1,2,0,,1,,0,1,,1,1,1,2,2,2,1,1,1,1,1,1,2,2,1,2,1,2,2,2,2,1,2,1
2,46,2000,1,2,0,0,0,0,0,0,0,0,0,,0,0,0,0,0,0,0,1,2,0,,3,,0,1,,1,1,1,2,2,2,1,1,1,1,1,2,2,2,1,2,1,1,2,2,2,1,2,1
1,47,4300,1,2,0,0,0,0,0,0,0,0,0,,0,0,0,0,0,0,2,1,0,0,,3,,0,1,,1,1,1,2,2,2,1,1,1,1,2,2,2,2,1,,1,1,2,2,1,1,1,1
2,48,1500,1,2,0,0,0,0,0,0,0,0,0,,0,0,0,0,0,0,0,1,2,0,,3,,0,1,,1,1,1,,,2,1,1,1,1,1,1,2,2,1,2,1,2,2,2,1,1,2,1
1,49,1170791,1,2,0,0,0,0,0,0,0,0,0,,0,0,0,0,0,0,0,1,2,0,,2,,13,1,,1,2,1,2,2,2,1,1,1,1,1,1,2,2,1,2,1,1,2,2,1,1,1,1
2,50,1800,1,2,0,0,0,0,0,0,0,0,0,,0,0,0,0,0,0,0,1,0,0,,3,,0,1,,1,1,1,2,2,2,1,1,1,1,1,1,2,2,1,1,2,2,2,2,1,1,2,1
1,51,3500,1,2,0,0,0,0,0,0,0,0,0,,0,0,0,0,0,0,0,1,2,0,,3,,0,1,,1,2,1,2,2,2,1,1,1,1,1,1,2,2,1,2,1,1,2,2,2,1,1,1
2,52,2000,1,2,0,0,0,0,0,0,0,0,0,,0,0,0,0,0,0,2,1,0,0,,3,,0,1,,1,2,1,2,2,2,1,1,1,1,1,1,2,2,1,2,1,1,2,2,2,1,1,1
1,53,4025,1,0,2,0,0,0,0,0,0,0,0,,0,0,0,0,0,0,0,1,2,0,,7,"bas fond",0,1,,1,1,1,2,2,2,1,1,1,2,2,2,2,1,2,1,1,1,2,2,2,1,2,1
2,54,4250,1,2,0,0,0,0,0,0,0,0,0,,0,0,0,0,0,0,0,1,2,0,,3,,0,2,,1,,,,,,,1,1,1,2,2,2,2,1,2,2,2,2,2,2,2,1,1
1,55,36602,1,2,0,0,0,0,0,0,0,0,0,,0,0,0,0,2,0,0,1,0,0,,2,,16,1,,1,1,1,1,2,2,1,1,1,1,1,1,2,2,1,1,2,1,2,2,2,1,1,1
2,56,4500,2,1,0,0,0,0,0,0,0,0,0,,0,0,0,0,0,0,0,1,2,0,,3,,0,1,,1,2,1,2,2,2,1,1,1,1,1,1,1,2,1,1,1,1,2,2,2,1,2,1
1,57,660,0,0,1,0,0,2,0,0,0,0,0,,0,0,0,2,0,0,0,1,0,0,,3,,0,1,,1,2,1,2,2,2,1,1,1,1,1,1,2,2,2,2,2,2,2,2,1,2,2,1
2,58,2256,1,0,2,0,0,0,0,0,0,0,0,,0,0,0,0,0,0,2,1,0,0,,3,,0,2,,1,2,1,2,2,2,1,1,1,1,1,1,2,2,1,2,2,2,2,2,1,1,2,1
1,59,3300,1,0,0,0,0,2,0,0,0,0,0,,0,0,0,0,0,0,0,1,0,2,"macon",3,,2,1,,1,2,1,2,2,2,1,1,1,1,1,2,2,2,1,1,1,1,2,2,1,1,1,1
2,60,3000,1,2,0,0,0,0,0,0,0,0,0,,0,0,0,0,1,0,0,2,0,0,,2,,7,1,,1,2,1,2,2,2,1,1,1,1,1,1,2,2,1,2,1,1,2,2,1,1,1,1
1,61,5000,1,2,0,0,0,0,0,0,0,0,0,,0,0,0,0,0,0,0,1,2,0,,2,,0,1,,1,,,,,,,1,1,1,1,2,2,2,1,1,1,2,2,2,2,1,2,1
2,62,5000,1,0,2,0,0,0,0,0,0,0,0,,0,0,0,0,0,0,0,1,2,0,,2,,14,1,,1,2,1,2,2,2,1,1,1,1,1,1,2,2,1,2,1,2,2,2,2,1,2,2
1,63,7000,1,2,0,0,0,0,0,0,0,0,0,,0,0,0,0,1,0,0,2,0,0,,2,,0,1,,1,2,1,2,2,2,1,1,1,1,1,1,2,2,1,2,1,1,2,2,2,1,1,1
2,64,1525,0,2,1,0,0,0,0,0,0,0,0,,0,0,0,0,0,0,0,2,1,0,,2,,3,3,,1,2,1,2,2,2,1,1,1,1,1,1,2,2,1,2,1,2,2,2,2,2,1,1
1,65,800,0,1,2,0,0,0,0,0,0,0,0,,0,0,0,0,0,0,0,1,2,0,,2,,9,1,,1,2,1,2,2,2,1,1,1,1,1,1,2,2,2,2,1,1,2,2,1,1,1,1
1,66,16000,1,2,0,0,0,0,0,0,0,0,0,,0,0,0,0,1,0,0,2,0,0,,1,,2,1,,1,2,1,2,2,2,1,1,1,1,1,2,2,2,2,1,1,1,2,2,2,2,1,1
2,67,2500,1,0,0,0,0,2,0,0,0,0,0,,0,0,0,0,0,0,0,2,1,0,,2,,4,1,,1,1,1,2,2,2,1,1,1,1,1,1,2,2,1,1,1,1,2,2,2,1,1,1
1,68,2875,1,0,2,0,0,0,0,0,0,0,0,,0,0,0,0,0,0,0,2,1,0,,2,,8,1,,1,2,1,2,2,2,1,1,1,1,1,1,2,2,1,1,1,1,2,2,1,2,1,1
2,69,2500,1,2,0,0,0,0,0,0,0,0,0,,0,0,0,2,0,0,0,1,0,0,,2,,14,1,,1,2,1,2,2,2,1,1,1,1,1,1,2,2,1,1,1,1,2,2,1,1,1,1
1,70,4500,1,2,0,0,0,0,0,0,0,0,0,,0,0,0,0,0,0,0,1,2,0,,2,,15,1,,1,2,1,2,2,2,1,1,1,1,1,1,2,2,1,1,1,1,1,1,2,1,1,1
2,71,600,1,2,0,0,0,0,0,0,0,0,0,,0,0,0,0,0,0,0,1,2,0,,2,,12,1,,1,2,1,2,2,2,1,1,1,1,1,1,2,2,1,2,1,1,2,2,2,1,1,1
1,72,1500,1,2,0,0,0,0,0,0,0,0,0,,0,0,0,1,0,0,0,2,0,0,,2,,4,1,,1,2,1,2,2,2,1,1,1,1,1,1,2,2,1,2,1,2,2,2,2,1,1,1
2,73,3400,1,2,0,0,0,0,0,0,0,0,0,,0,0,0,0,0,0,0,1,2,0,,2,,20,1,,1,2,1,2,2,2,1,1,1,1,1,1,2,2,1,2,1,2,2,2,2,2,2,1
1,74,3000,1,2,0,0,0,0,0,0,0,0,0,,0,0,0,0,0,0,0,1,2,0,,2,,15,1,,1,2,1,2,2,2,1,1,1,1,1,1,2,2,1,2,1,2,2,2,2,1,2,1
2,75,3000,2,1,0,0,0,0,0,0,0,0,0,,0,0,2,1,0,0,0,0,0,0,,2,,20,3,,1,2,1,2,2,2,1,1,2,1,1,1,2,2,1,1,1,2,1,1,1,1,2,1
2,76,1500,1,2,0,0,0,0,0,0,0,0,0,,0,0,0,0,0,0,0,2,1,0,,2,,0,3,,1,1,1,2,2,2,1,1,1,1,1,1,2,2,1,2,2,2,2,2,2,2,1,1
1,77,3000,1,2,0,0,0,0,0,0,0,0,0,,0,0,0,0,0,0,0,1,2,0,,2,,3,1,,1,1,1,2,2,2,1,1,1,1,1,1,2,2,1,2,2,1,2,2,2,1,1,1
2,78,4500,1,2,0,0,0,0,0,0,0,0,0,,0,0,2,0,0,0,0,1,0,0,,2,,3,3,,1,1,1,2,2,2,1,1,1,1,1,1,2,2,1,1,1,1,1,1,2,1,1,1
1,79,3000,1,2,0,0,0,0,0,0,0,0,0,,0,0,0,0,0,0,0,1,2,0,,2,,2,1,,1,1,1,2,2,2,1,1,1,1,1,1,2,2,1,2,1,1,2,2,2,2,1,2
2,80,527,1,2,0,0,0,0,0,0,0,0,0,,0,0,0,0,0,0,0,1,2,0,,2,,0,1,,1,,,,,,,1,1,1,1,1,2,2,1,2,1,2,2,2,2,1,1,1
1,81,113824,1,2,0,0,0,0,0,0,0,0,0,,0,0,0,0,0,0,0,1,2,0,,2,,7,1,,1,,,,,,,1,1,1,1,1,2,2,1,2,2,2,2,2,1,1,1,1
2,82,9999,1,2,0,0,0,0,0,0,0,0,0,,0,0,0,0,0,0,0,1,2,0,,3,,0,1,,1,2,1,2,2,2,1,1,1,1,1,1,2,2,1,1,1,1,2,2,2,1,1,1
1,83,78660,1,0,2,0,0,0,0,0,0,0,0,,0,0,0,0,0,0,1,2,0,0,,2,,18,1,,1,2,1,2,2,2,1,1,1,1,1,1,2,2,1,2,2,2,2,2,2,1,2,1
2,84,400,1,0,0,0,0,0,0,0,0,0,2,"français",0,0,0,0,0,0,0,2,1,0,,2,,0,1,,1,2,1,2,2,2,1,1,1,1,1,1,2,2,1,1,2,2,2,2,2,1,1,2
1,85,100935,1,2,0,0,0,0,0,0,0,0,0,,0,0,0,0,0,0,2,1,0,0,,2,,9,1,,1,1,1,1,2,2,1,1,1,1,1,1,2,2,1,2,2,1,2,2,2,2,2,1
2,86,161,1,2,0,0,0,0,0,0,0,0,0,,0,0,0,2,0,0,0,1,0,0,,7,"cuvette",0,1,,1,2,1,2,2,2,1,1,1,1,1,1,2,2,1,1,1,1,2,2,2,1,1,1
1,87,2250,2,0,0,0,0,1,0,0,0,0,0,,1,0,0,0,0,0,0,2,0,0,,3,,0,1,,1,1,1,2,2,1,1,1,1,1,1,1,2,2,1,1,1,1,1,1,1,1,1,1
2,88,1500,2,0,0,0,0,1,0,0,0,0,0,,0,1,0,0,2,0,0,0,0,0,,3,,0,1,,1,1,1,2,2,1,1,2,2,1,1,1,2,2,1,2,1,1,2,2,2,1,1,1
2,90,4750,2,0,0,0,0,1,0,0,0,0,0,,0,0,1,0,0,0,0,2,0,0,,4,,19,1,,1,1,1,2,2,2,1,1,1,1,1,1,2,2,1,1,1,1,2,2,2,1,1,1
1,91,2000,0,0,0,2,0,1,0,0,0,0,0,,1,0,0,0,0,0,2,0,0,0,,2,,16,1,,1,1,1,2,2,1,1,1,2,1,1,2,2,2,1,2,2,2,2,2,2,2,1,1
2,92,3600,2,0,0,0,0,1,0,0,0,0,0,,1,0,0,0,2,0,0,0,0,0,,2,,2,1,,1,1,1,2,2,1,1,1,1,1,1,2,2,2,1,1,1,1,1,1,2,2,1,1
1,93,2500,0,0,0,2,0,1,0,0,0,0,0,,0,0,0,0,0,0,0,1,0,2,"culture pérenne",2,,17,1,,1,1,1,2,2,2,1,1,1,1,1,2,2,2,1,2,1,2,2,2,2,1,1,1
2,94,1500,2,0,0,0,0,1,0,0,0,0,0,,0,1,0,2,0,0,0,0,0,0,,3,,30,6,"laterrite",2,,,,,,,2,2,2,2,2,2,2,1,1,1,1,2,2,2,2,2,1
1,95,3000,0,0,0,2,0,1,0,0,0,0,0,,0,0,0,0,0,0,1,2,0,0,,2,,2,3,,1,1,2,2,2,1,1,2,2,1,1,2,2,2,1,2,2,2,2,2,2,2,1,1
2,96,3500,0,0,0,2,0,1,0,0,0,0,0,,1,2,0,0,0,0,0,0,0,0,,2,,16,1,,1,1,1,2,2,1,1,1,2,2,1,2,2,2,1,2,1,1,2,2,2,1,1,1
1,97,9600,0,0,0,1,0,2,0,0,0,0,0,,0,0,2,0,0,0,0,1,0,0,,2,,7,1,,1,1,1,2,2,1,1,1,2,1,1,2,2,2,1,1,1,1,1,2,2,1,1,1
2,98,3250,1,0,0,0,0,2,0,0,0,0,0,,0,0,0,0,2,0,0,1,0,0,,2,,30,1,,1,1,1,2,1,1,1,1,2,1,1,1,2,2,2,1,1,1,2,2,1,1,1,1
1,99,4950,0,0,0,1,0,2,0,0,0,0,0,,0,2,0,0,0,0,0,1,0,0,,2,,20,2,,1,1,1,2,2,1,1,1,2,1,2,2,2,2,2,1,1,1,2,2,1,1,1,1
2,100,2300,0,0,0,1,0,2,0,0,0,0,0,,1,0,0,0,0,0,0,0,0,2,"maraboutage",3,,12,2,,1,1,1,2,2,1,1,1,2,1,2,2,2,2,2,1,1,1,2,2,2,1,1,1
1,101,600,1,0,0,0,0,2,0,0,0,0,0,,0,0,0,0,0,0,1,2,0,0,,2,,14,1,,1,2,1,2,2,2,1,1,1,1,2,2,2,2,1,1,1,1,2,2,2,2,2,1
2,102,3500,0,0,0,2,0,1,0,0,0,0,0,,0,0,1,0,2,0,0,0,0,0,,1,,10,1,,1,1,1,2,2,2,1,1,1,1,2,2,2,2,1,1,1,1,2,2,1,1,1,1
1,103,1000,2,0,0,0,0,1,0,0,0,0,0,,1,0,0,2,0,0,0,0,0,0,,2,,0,1,,1,1,1,2,2,1,1,1,1,1,1,2,2,2,1,2,2,2,2,2,2,2,2,1
1,104,12500,0,0,0,2,0,1,0,0,0,0,0,,2,0,0,0,0,0,0,1,0,0,,3,,0,1,,1,1,1,2,2,1,1,1,1,1,1,2,2,2,1,2,1,1,2,2,2,1,1,1
2,105,2300,2,0,0,0,0,1,0,0,0,0,0,,0,0,2,0,0,0,0,1,0,0,,1,,0,1,,1,1,1,2,2,1,1,1,1,1,1,1,2,2,1,2,1,1,2,2,1,1,1,1
1,106,15831,0,0,0,2,0,1,0,0,0,0,0,,1,0,0,0,0,0,0,2,0,0,,3,,0,1,,1,1,1,2,2,1,1,1,2,1,1,1,2,2,1,1,1,1,2,2,2,1,1,1
2,107,1500,1,0,0,2,0,0,0,0,0,0,0,,1,0,0,0,0,0,0,2,0,0,,4,,0,1,,1,1,1,2,2,1,1,1,2,1,1,1,2,2,1,2,1,1,2,1,2,1,1,1
1,108,2100,0,0,0,0,0,2,0,1,0,0,0,,0,0,2,0,0,0,0,1,0,0,,2,,5,1,,1,1,1,2,2,1,1,1,1,1,1,2,2,2,1,2,1,2,2,2,2,2,1,2
2,109,2600,1,0,0,0,0,0,0,2,0,0,0,,0,0,1,0,0,0,0,2,0,0,,3,,0,1,,1,1,1,2,2,1,1,1,1,1,1,2,2,2,1,2,1,1,2,2,2,1,1,1
1,110,10000,1,0,0,0,0,2,0,0,0,0,0,,2,0,0,0,0,0,0,1,0,0,,3,,5,1,,1,1,1,2,2,1,1,1,1,1,1,1,2,2,1,1,1,1,2,2,2,1,1,1
2,111,2000,0,0,0,0,0,1,0,0,0,0,2,"creole",0,0,2,1,0,0,0,0,0,0,,3,,0,1,,1,1,1,2,2,1,1,1,1,1,1,2,2,2,1,2,1,1,2,2,2,2,1,1
1,112,9000,2,0,0,0,0,1,0,0,0,0,0,,0,0,0,2,0,0,0,1,0,0,,2,,2,1,,1,1,1,2,2,2,1,1,1,1,1,1,2,2,1,1,1,1,2,2,1,1,1,1
2,113,3500,1,0,0,0,0,2,0,0,0,0,0,,0,0,2,0,0,0,0,1,0,0,,3,,0,1,,1,1,1,2,2,1,1,1,1,1,1,1,2,2,1,1,1,1,1,1,1,1,1,1
1,114,11000,1,0,0,0,2,0,0,0,0,0,0,,0,0,0,0,0,0,2,1,0,0,,2,,3,1,,1,1,1,2,2,2,1,1,1,1,1,2,2,2,1,1,1,1,2,2,1,1,1,1
2,115,3700,2,0,0,1,0,0,0,0,0,0,0,,0,0,1,0,0,0,0,2,0,0,,3,,0,2,,1,1,1,2,2,1,1,1,1,1,1,1,2,2,1,1,1,1,1,1,1,1,1,1
1,116,19000,0,0,0,1,0,2,0,0,0,0,0,,0,0,2,0,0,0,0,1,0,0,,2,,4,1,,1,1,1,2,2,2,1,1,1,2,1,2,2,2,1,1,1,1,2,2,2,1,1,1
2,117,30000,1,0,0,2,0,0,0,0,0,0,0,,0,0,0,0,0,0,0,2,1,0,,2,,0,1,,1,1,1,2,2,1,1,1,1,1,1,1,2,2,1,1,1,1,2,2,1,1,1,1
1,118,18000,1,0,0,0,0,0,0,2,0,0,0,,0,0,0,2,0,0,0,1,0,0,,2,,3,1,,1,1,1,2,2,2,1,1,1,1,1,1,2,2,1,1,1,2,2,2,1,1,2,1
2,119,6000,1,0,0,2,0,0,0,0,0,0,0,,0,0,0,1,0,0,0,2,0,0,,3,,0,1,,1,1,1,2,2,1,1,1,1,1,1,1,2,2,1,1,1,1,2,2,1,1,1,1
1,120,3000,1,0,0,0,0,2,0,0,0,0,0,,0,0,0,1,0,0,0,2,0,0,,2,,3,1,,1,1,1,2,2,1,1,1,1,1,1,1,2,2,1,1,2,2,2,2,2,2,2,1
1,122,3000,1,0,0,0,0,0,0,0,0,0,2,"français",0,0,2,0,0,0,1,0,0,0,,2,,5,3,,1,1,1,2,2,1,1,1,1,1,1,2,2,2,1,1,1,1,2,2,2,1,1,1
2,123,5000,2,0,0,1,0,0,0,0,0,0,0,,1,0,0,0,0,0,0,2,0,0,,3,,0,2,,1,1,1,2,2,1,1,1,1,1,1,1,2,2,1,1,1,1,2,2,1,1,1,1
2,124,2500,0,0,0,1,0,0,0,0,0,0,2,"crèole",1,0,2,0,0,0,0,0,0,0,,3,,13,1,,1,,,,,,,1,1,1,1,2,2,2,1,1,1,1,1,2,1,1,2,1
1,125,800,2,0,0,0,0,1,0,0,0,0,0,,1,0,2,0,0,0,0,0,0,0,,2,,5,1,,1,1,1,2,2,1,1,1,2,1,1,1,2,2,1,1,1,2,2,2,2,2,2,1
2,126,1500,2,0,0,0,0,0,0,0,0,0,1,"bayote",1,0,0,0,0,0,0,0,2,0,,3,,20,1,,1,,,,,,,2,2,1,1,2,2,2,2,1,1,1,2,1,1,1,2,1
1,127,2115,1,0,2,0,0,0,0,0,0,0,0,,0,0,0,0,0,0,0,1,2,0,,4,,1,1,,1,,,,,,,1,1,1,1,2,2,2,1,2,1,2,2,2,2,1,1,1
2,128,16000,1,2,0,0,0,0,0,0,0,0,0,,0,0,2,0,0,0,0,1,0,0,,2,,0,1,,1,1,1,2,2,1,1,1,1,1,1,2,2,2,1,,,,,,,,,1
1,129,1746,1,0,2,0,0,0,0,0,0,0,0,,0,0,0,0,0,0,0,2,0,1,"Culture pluviale",1,,2,3,,1,1,1,2,2,2,1,1,1,2,1,2,2,2,1,2,2,2,2,2,2,2,1,1
2,130,1000,1,0,2,0,0,0,0,0,0,0,0,,1,0,0,2,0,0,0,0,0,0,,2,,18,2,,1,1,1,2,2,2,2,1,1,1,2,2,2,2,1,2,1,2,2,2,2,2,2,1
1,131,2433,1,0,2,0,0,0,0,0,0,0,0,,1,0,0,0,0,0,0,2,0,0,,2,,5,3,,1,1,1,2,2,1,1,1,1,1,1,1,2,2,1,2,1,2,2,2,2,2,1,1
2,132,4375,2,0,1,0,0,0,0,0,0,0,0,,1,0,0,2,0,0,0,0,0,0,,2,,15,3,,2,,,,,,,1,2,2,2,2,2,2,1,2,1,1,2,2,2,2,1,1
1,133,20135,1,0,2,0,0,0,0,0,0,0,0,,0,0,0,0,0,0,2,1,0,0,,2,,2,1,,1,1,1,2,2,1,1,1,1,1,1,1,2,2,1,2,1,1,1,2,2,1,1,1
2,134,3700,1,0,2,0,0,0,0,0,0,0,0,,0,0,0,2,0,0,0,1,0,0,,2,,1,2,,1,1,1,2,2,1,1,1,1,1,2,2,2,2,1,2,1,2,2,2,2,2,1,1
1,135,12000,1,2,0,0,0,0,0,0,0,0,0,,0,0,0,0,0,0,2,1,0,0,,2,,2,1,,1,1,1,2,2,1,1,1,1,1,1,1,2,2,1,2,1,1,2,2,2,1,1,1
2,136,2000,1,0,2,0,0,0,0,0,0,0,0,,0,0,0,0,0,0,2,1,0,0,,2,,2,3,,2,,,,,,,1,1,1,1,1,2,2,1,2,1,1,2,2,2,2,1,1
1,137,1100,2,0,1,0,0,0,0,0,0,0,0,,0,1,0,0,0,0,2,0,0,0,,2,,3,3,,1,1,1,2,2,2,2,1,1,1,1,1,2,2,1,2,1,2,2,2,2,2,1,1
2,138,1600,2,0,1,0,0,0,0,0,0,0,0,,0,0,0,0,0,0,2,1,0,0,,2,,3,3,,1,1,1,2,2,2,1,1,1,1,1,2,2,2,1,2,1,1,2,2,2,2,1,1
1,139,52000,1,0,2,0,0,0,0,0,0,0,0,,0,0,0,0,0,0,2,1,0,0,,2,,1,1,,1,1,1,2,2,1,1,1,1,1,1,1,2,2,1,2,1,1,2,2,1,1,1,1
2,140,9999,0,1,0,0,0,0,0,0,0,0,0,,0,0,0,0,0,0,2,1,0,0,,2,,1,1,,1,1,1,2,2,1,1,1,1,1,1,1,2,2,1,2,1,1,2,2,2,1,1,1
1,141,12000,1,0,2,0,0,0,0,0,0,0,0,,0,0,0,0,0,0,2,1,0,0,,2,,1,1,,1,1,1,2,2,1,1,1,1,1,1,1,2,2,1,2,2,1,2,2,1,1,1,1
2,142,1473,2,0,1,0,0,0,0,0,0,0,0,,0,0,0,0,0,0,2,1,0,0,,2,,5,3,,1,1,1,2,2,1,1,1,1,1,1,1,2,2,1,1,1,1,2,2,2,2,1,1
1,143,15000,1,0,2,0,0,0,0,0,0,0,0,,0,0,0,0,0,0,2,1,0,0,,3,,1,1,,1,1,1,2,2,1,1,1,1,1,,1,2,2,2,2,1,2,2,2,2,1,1,1
2,144,9999,1,0,2,0,0,0,0,0,0,0,0,,0,0,0,0,0,0,2,1,0,0,,4,,2,1,,1,1,1,2,2,1,1,1,1,1,1,1,2,2,1,2,1,1,2,2,2,2,1,1
1,145,1500,1,2,0,0,0,0,0,0,0,0,0,,1,0,0,2,0,0,0,0,0,0,,2,,55,3,,2,,,,,,,1,1,1,1,2,2,2,1,2,1,2,2,2,2,2,2,1
2,146,405,0,0,1,0,0,0,0,0,0,0,0,,1,0,0,2,0,0,0,0,0,0,,2,,5,3,,2,,,,,,,2,1,2,2,2,2,2,1,1,1,2,2,1,1,2,1,1
1,147,1030,0,2,1,0,0,0,0,0,0,0,0,,1,0,0,2,0,0,0,0,0,0,,4,,6,3,,2,,,,,,,2,1,1,1,2,2,2,1,2,2,2,2,2,1,1,2,1
1,148,950,1,2,0,0,0,0,0,0,0,0,0,,0,0,0,0,0,0,0,1,2,0,,4,,2,1,,1,1,1,2,2,1,1,1,1,1,1,2,2,2,1,2,2,2,2,2,2,2,2,2
2,149,15000,1,2,0,0,0,0,0,0,0,0,0,,0,0,0,0,0,0,0,1,2,0,,2,,7,1,,1,1,1,2,2,2,2,1,1,1,1,1,2,2,1,2,1,1,2,2,2,1,2,1
1,150,5000,1,2,0,0,0,0,0,0,0,0,0,,0,0,0,0,0,0,0,1,2,0,,4,,2,1,,1,1,1,2,2,1,1,1,1,1,1,2,2,2,2,2,2,2,2,2,2,1,1,1
2,151,15000,1,2,0,0,0,0,0,0,0,0,0,,0,0,0,0,0,0,0,1,2,0,,2,,7,1,,1,2,1,2,2,2,1,1,1,1,1,1,2,2,1,2,1,1,2,2,1,1,1,1
1,152,750,1,0,2,0,0,0,0,0,0,0,0,,0,0,0,0,0,0,0,2,1,0,,3,,3,3,,1,1,2,2,2,1,1,1,1,1,1,2,2,2,2,2,2,2,2,2,2,2,1,1
2,153,15000,1,0,0,0,0,0,0,0,0,0,2,"francais",0,0,0,0,0,0,0,1,0,2,"menuiserie bois",2,,0,1,,1,1,1,2,2,1,1,1,1,1,1,1,2,2,1,1,1,1,2,2,1,1,1,1
1,154,350,1,0,0,0,0,0,0,0,0,0,0,,0,0,0,0,0,0,0,1,2,0,,3,,1,1,,1,,,,,,,1,1,1,1,1,2,2,1,2,2,1,2,2,2,2,1,1
2,155,15000,1,0,0,0,0,0,0,0,0,0,0,,0,0,0,0,0,0,0,2,0,1,"macon",2,,0,1,,1,1,1,2,2,2,1,1,1,1,1,1,2,2,1,2,1,2,2,2,2,1,1,1
2,156,495,1,0,2,0,0,0,0,0,0,0,0,,2,0,1,0,0,0,0,0,0,0,,2,,7,1,,1,2,1,2,2,2,1,1,1,1,1,1,2,2,1,2,2,2,2,2,2,2,1,1
1,157,4300,1,0,0,0,0,0,0,0,0,0,0,,0,0,0,0,0,0,0,1,2,0,,2,,7,1,,1,2,1,2,2,2,1,1,1,1,1,1,2,2,1,1,2,1,2,2,2,2,2,1
2,158,7000,1,0,0,0,0,0,0,0,0,0,0,,0,0,0,0,0,0,2,0,0,1,"Maconnerie",2,,7,3,,1,2,1,2,2,2,1,1,1,1,1,2,2,2,1,2,2,1,2,2,2,2,2,1
1,159,2500,1,0,2,0,0,0,0,0,0,0,0,,0,0,0,0,0,0,0,1,2,0,,2,,7,1,,1,2,1,2,2,2,1,1,1,2,1,2,2,2,1,2,2,2,2,2,2,2,2,1
2,160,3825,1,2,0,0,0,0,0,0,0,0,0,,0,0,0,2,0,0,0,1,0,0,,2,,13,1,,1,2,1,2,2,2,1,1,1,1,1,2,2,2,1,2,2,1,2,2,2,2,2,2
1,161,15000,1,0,0,0,0,0,0,0,0,0,0,,0,0,0,0,0,0,0,1,2,0,,2,,8,1,,1,,1,,,2,1,1,1,1,1,2,2,2,1,2,1,1,2,2,2,2,2,1
2,162,8500,1,2,0,0,0,0,0,0,0,0,0,,0,0,0,0,0,0,0,1,2,0,,2,,8,1,,1,2,1,2,2,2,1,1,1,1,1,1,2,2,1,1,1,1,2,2,2,2,2,1
1,163,5000,1,0,0,0,0,0,0,0,0,0,0,,0,0,0,0,0,0,0,1,0,2,"tout le monde vaque a ses preoccupations",2,,0,1,,1,2,1,2,2,2,1,1,1,2,1,2,2,2,1,2,2,1,2,2,2,2,2,1
2,164,8500,1,0,2,0,0,0,0,0,0,0,0,,0,0,0,0,0,0,0,1,0,2,"maconnerie",2,,18,3,,1,2,1,2,2,2,1,1,1,1,1,2,2,2,1,2,2,2,2,2,2,2,2,1
1,165,17530,1,0,0,0,0,0,0,0,0,0,0,,0,0,0,0,0,0,0,1,2,0,,2,,7,3,,1,,1,,,2,1,1,1,1,1,2,2,2,1,2,2,2,2,2,2,1,2,1
2,166,3484,1,0,0,0,0,0,0,0,0,0,0,,0,0,0,0,0,0,2,1,0,0,,2,,8,1,,1,2,1,2,2,2,1,1,1,1,1,1,2,2,1,2,1,1,2,2,2,2,2,1
1,167,8500,1,0,0,0,0,0,0,0,0,0,0,,0,0,0,0,0,0,0,1,2,0,,2,,5,3,,1,2,1,2,2,2,1,1,1,1,1,2,2,2,1,2,1,1,2,2,2,2,2,1
2,168,10500,1,0,2,0,0,0,0,0,0,0,0,,0,0,0,0,0,0,0,1,0,2,"maconnerie",2,,15,1,,1,2,1,2,2,2,1,1,1,1,1,1,2,2,1,2,2,2,2,2,2,2,2,1
1,169,5000,1,0,0,0,0,0,0,0,0,0,0,,0,0,0,0,0,0,0,1,2,0,,2,,4,1,,1,2,1,2,2,2,1,1,1,1,1,2,2,2,1,,,,,,,,,
2,170,8200,1,0,0,0,0,0,0,0,0,0,0,,0,0,0,0,0,0,2,1,0,0,,2,,15,1,,1,2,1,2,2,2,1,1,1,1,1,1,2,2,1,1,1,2,2,2,1,2,2,1
1,171,15000,1,0,0,0,0,0,0,0,0,0,0,,0,0,0,0,0,0,0,1,0,2,"conducteur de charettes",4,,7,1,,1,2,1,2,2,2,1,1,1,1,1,2,2,2,1,2,2,2,2,2,2,2,2,1
2,172,20000,1,2,0,0,0,0,0,0,0,0,0,,0,0,1,2,0,0,0,0,0,0,,2,,52,3,,1,2,1,2,2,2,2,1,1,1,1,2,2,2,1,1,1,2,2,2,1,1,2,1
1,173,7000,1,2,0,0,0,0,0,0,0,0,0,,1,0,0,0,0,0,0,2,0,0,,2,,25,1,,1,1,1,2,2,1,1,1,1,1,1,1,2,2,1,1,1,1,1,2,2,2,2,1
2,174,8000,1,2,0,0,0,0,0,0,0,0,0,,1,2,0,0,0,0,0,0,0,0,,5,,2,3,,1,1,1,2,2,2,1,1,1,1,1,1,2,2,1,2,1,1,1,1,1,1,1,1
1,175,2500,2,1,0,0,0,0,0,0,0,0,0,,0,0,0,0,0,0,0,1,0,0,,2,,16,1,,1,1,1,2,2,1,1,1,1,1,1,1,2,2,1,1,1,1,2,2,2,2,2,1
2,176,99999,1,2,0,0,0,0,0,0,0,0,0,,1,0,0,0,0,0,0,2,0,0,,4,,3,3,,1,1,1,2,2,2,1,1,1,1,1,1,2,2,1,1,1,1,2,2,1,1,1,1
1,177,2532,1,2,0,0,0,0,0,0,0,0,0,,0,0,0,0,2,0,0,1,0,0,,2,,25,1,,1,1,1,2,2,2,1,1,1,1,1,1,2,2,1,1,1,2,2,2,2,1,2,1
2,178,1227,0,2,0,0,0,0,0,0,0,1,0,,0,1,2,0,0,0,0,0,0,0,,3,,45,1,,1,2,1,2,2,2,1,1,1,1,1,1,2,2,1,2,1,1,2,1,1,1,1,1
1,179,4000,1,0,0,0,0,0,0,0,0,2,0,,1,0,0,0,2,0,0,0,0,0,,2,,4,2,,1,1,1,2,2,2,1,1,1,1,1,1,2,2,1,2,1,1,1,2,2,1,2,1
1,180,734,2,1,0,0,0,0,0,0,0,0,0,,1,0,0,2,0,0,0,0,0,0,,2,,36,2,,1,2,1,2,2,2,1,2,2,1,2,2,2,2,1,1,1,1,2,2,2,2,2,1
2,181,368,2,1,0,0,0,0,0,0,0,0,0,,2,0,0,1,0,0,0,0,0,0,,4,,4,3,,1,2,1,2,2,2,2,2,2,1,2,1,2,2,1,2,2,2,2,2,1,2,2,2
1,182,14000,1,2,0,0,0,0,0,0,0,0,0,,0,0,0,0,1,0,2,0,0,0,,4,,4,1,,1,2,1,2,2,2,1,1,1,1,1,1,2,2,1,1,1,1,2,1,1,1,1,1
2,183,2854,1,0,0,0,0,0,0,0,0,0,0,,0,0,1,2,0,0,0,0,0,0,,3,,15,3,,2,,,,,,,2,1,2,1,2,2,2,1,1,1,1,1,2,2,1,2,1
1,184,25000,1,0,0,0,0,0,0,0,0,2,0,,0,0,0,0,1,0,2,0,0,0,,2,,2,1,,1,1,1,2,1,2,1,1,1,1,1,1,2,2,1,1,1,1,2,2,1,1,1,1
2,185,9999,0,1,0,0,0,0,0,0,0,0,0,,0,0,1,0,0,0,0,2,0,0,,5,,1,1,,1,1,2,2,2,1,1,1,1,1,1,1,2,2,1,2,1,1,1,2,1,1,1,1
1,186,1658,0,1,0,0,0,0,0,0,0,0,2,"peulh",1,0,0,2,0,0,0,0,0,0,,2,,4,1,,1,2,1,2,2,2,1,1,1,1,1,2,2,2,1,1,1,1,2,2,2,1,2,2
2,187,14000,2,1,0,0,0,0,0,0,0,0,0,,2,0,0,0,0,0,0,1,0,0,,2,,0,1,,1,1,1,2,2,1,1,1,1,1,1,1,2,2,1,1,1,1,2,1,1,1,1,1
2,188,3500,0,1,0,0,0,0,0,0,0,0,0,,1,0,0,2,0,0,0,0,0,0,,5,,6,3,,2,,,,,,,1,1,1,1,1,1,2,1,1,1,1,1,2,2,1,1,1
1,189,1712,0,1,0,0,0,0,0,0,0,0,2,"peulh",1,0,0,2,0,0,0,0,0,0,,3,,7,3,,2,,,,,,,2,1,2,2,2,2,2,1,2,1,1,2,2,2,2,2,1
2,190,1700,2,1,0,0,0,0,0,0,0,0,0,,0,0,0,1,0,0,0,0,0,0,,5,,60,2,,1,2,1,2,2,2,3,1,1,1,2,2,2,2,1,2,1,1,2,2,2,2,2,1
1,191,1867,0,1,0,0,0,0,0,0,0,0,0,,1,0,0,0,2,0,0,0,0,0,,1,,11,1,,1,1,1,2,2,2,1,1,1,2,2,2,2,2,1,2,1,1,1,1,2,2,2,1
2,192,2600,0,1,0,0,0,0,0,0,0,0,0,,1,0,0,0,2,0,0,0,0,0,,5,,12,3,,2,,,,,,,1,1,1,1,1,2,1,1,2,1,1,2,2,2,2,2,1
1,193,765,0,1,0,0,0,0,0,0,0,0,0,,1,0,0,2,0,0,0,0,0,0,,2,,8,1,,1,2,1,2,2,2,1,1,1,1,1,1,2,2,1,1,1,2,2,2,2,2,2,1
2,194,450,0,1,0,0,0,0,0,0,0,0,0,,0,0,0,1,0,0,0,0,0,0,,1,,30,3,,2,,,,,,,2,1,1,1,1,2,2,1,2,2,2,2,2,2,2,2,2
1,195,500,0,1,0,0,0,0,0,0,0,0,0,,0,0,0,1,0,0,0,2,0,0,,2,,26,3,,2,,,,,,,2,1,2,2,2,2,2,1,1,2,2,2,2,2,2,2,1
2,196,790,2,1,0,0,0,0,0,0,0,0,0,,0,0,2,1,0,0,0,0,0,0,,5,,8,3,,2,,,,,,,1,1,1,1,2,2,2,1,1,1,1,1,2,1,2,1,1
1,197,836,0,1,0,0,0,0,0,0,0,0,2,"peulh",1,0,0,2,0,0,0,0,0,0,,2,,13,1,,1,1,1,2,2,2,1,1,1,1,2,2,2,1,1,1,1,2,2,2,2,2,2,1
2,198,5000,0,1,0,0,0,0,0,0,0,0,0,,1,0,0,2,0,0,0,0,0,0,,5,,5,2,,1,1,1,2,2,1,1,1,1,1,1,1,2,2,1,1,1,1,1,1,1,1,1,1
1,199,7000,1,2,0,0,0,0,0,0,0,0,0,,1,0,0,2,0,0,0,0,0,0,,2,,21,1,,1,,,,,,,1,1,1,1,1,2,2,1,1,,1,1,1,1,1,1,1
1,200,790000,1,2,0,0,0,0,0,0,0,0,0,,0,0,1,2,0,0,0,0,0,0,,3,,30,2,,1,1,1,2,2,2,1,2,2,1,1,1,2,2,1,1,2,2,2,2,2,2,2,1
2,201,13000,1,0,0,0,0,0,0,0,0,0,2,"français",0,0,0,0,1,0,0,2,0,0,,3,,0,1,,1,1,1,2,1,2,1,1,1,1,1,1,2,2,1,2,1,1,2,2,1,1,1,1
1,202,6000,1,2,0,0,0,0,0,0,0,0,0,,0,0,0,0,0,0,2,1,0,0,,4,,1,1,,1,2,1,2,2,2,1,1,1,1,1,1,2,2,1,1,1,1,2,2,1,1,1,1
2,203,17000,1,2,0,0,0,0,0,0,0,0,0,,0,0,0,0,0,0,0,1,2,0,,3,,0,1,,1,1,1,2,2,2,1,1,1,1,1,1,2,2,1,2,1,1,2,2,1,1,1,1
1,204,4500,1,2,0,0,0,0,0,0,0,0,0,,0,0,0,0,2,0,0,1,0,0,,4,,3,1,,1,1,1,2,2,2,1,1,1,1,1,1,2,2,1,1,1,1,2,2,1,1,1,1
2,205,13000,1,2,0,0,0,0,0,0,0,0,0,,0,0,0,0,0,0,0,1,2,0,,2,,0,1,,1,1,1,2,2,2,1,1,1,1,1,1,2,2,1,2,1,1,2,2,2,1,1,1
1,206,18000,1,2,0,0,0,0,0,0,0,0,0,,0,0,0,0,2,0,0,1,0,0,,5,,8,1,,1,1,1,2,2,2,1,1,1,1,1,1,2,2,1,1,1,2,2,2,1,1,1,1
2,207,30000,1,2,0,0,0,0,0,0,0,0,0,,0,0,0,0,0,0,0,1,2,0,,3,,0,1,,1,1,1,2,2,2,1,1,1,1,1,1,2,2,1,2,1,1,2,2,2,1,1,1
1,208,630,0,1,0,0,0,0,0,0,0,0,0,,2,0,0,1,0,0,0,0,0,0,,1,,12,2,,1,2,1,2,2,2,4,2,1,1,1,1,2,2,1,2,1,2,2,2,1,1,1,1
2,209,12000,1,0,0,0,0,0,0,0,0,0,0,,0,0,0,0,0,0,0,2,1,0,,3,,0,1,,1,1,1,2,2,2,1,1,1,1,1,1,2,2,1,2,2,2,2,2,1,1,1,1
1,210,7000,1,2,0,0,0,0,0,0,0,0,0,,1,0,2,0,0,0,0,0,0,0,,5,,28,2,,1,1,1,2,2,2,2,1,1,1,1,1,2,2,1,1,1,1,1,2,1,1,1,1
2,211,5000,2,1,0,0,0,0,0,0,0,0,0,,0,0,1,0,0,0,0,2,0,0,,3,,13,1,,1,2,1,2,2,2,1,1,1,1,1,1,2,2,1,1,1,1,1,1,2,1,1,1
2,212,3000,2,1,0,0,0,0,0,0,0,0,0,,0,0,0,2,0,0,0,1,0,0,,3,,11,6,"voie sableuse",1,2,1,2,2,2,1,1,1,1,1,1,2,2,1,1,1,2,1,1,2,1,1,1
1,213,33000,1,2,0,0,0,0,0,0,0,0,0,,0,0,0,0,2,0,0,1,0,0,,2,,3,1,,1,1,1,2,2,2,1,1,1,1,1,1,2,2,1,1,1,1,2,2,1,2,1,1
2,214,3000,1,2,0,0,0,0,0,0,0,0,0,,0,0,2,0,1,0,0,0,0,0,,3,,14,1,,1,2,1,2,1,2,1,1,1,1,1,1,2,2,1,1,1,1,2,2,2,1,1,1
1,215,2000,0,2,0,0,1,0,0,0,0,0,0,,1,0,0,0,0,0,0,2,0,0,,2,,0,1,,1,1,1,2,2,1,1,1,1,1,1,1,2,2,1,2,1,1,1,1,1,1,1,1
2,216,1500,0,2,0,0,1,0,0,0,0,0,0,,1,0,0,2,0,0,0,0,0,0,,2,,0,2,,1,,,,,,,1,1,1,2,2,2,2,1,2,1,2,2,2,2,1,2,2
1,217,2000,0,2,0,0,1,0,0,0,0,0,0,,1,0,0,0,2,0,0,0,0,0,,1,,0,1,,1,1,1,2,2,1,1,1,1,1,2,1,2,2,1,1,2,2,1,2,2,1,1,1
1,218,700,0,0,0,2,1,0,0,0,0,0,0,,1,0,0,0,0,2,0,0,0,0,,1,,100,3,,1,1,2,2,2,1,1,2,2,1,2,2,2,1,1,1,1,1,2,2,2,2,2,1
2,219,5011,0,2,0,0,1,0,0,0,0,0,0,,1,0,0,2,0,0,0,0,0,0,,3,,27,2,,1,1,1,2,2,1,1,1,1,1,1,1,2,2,1,1,1,1,2,2,2,2,2,1
1,220,2500,0,1,0,0,2,0,0,0,0,0,0,,1,0,0,2,0,0,0,0,0,0,,1,,40,3,,1,1,1,2,2,1,1,1,1,1,2,2,2,2,1,1,1,1,1,2,2,1,2,1
2,221,15000,2,1,0,0,0,0,0,0,0,0,0,,0,2,0,0,0,0,0,1,0,0,,2,,0,1,,1,1,1,2,2,1,1,2,2,1,1,1,2,2,1,1,1,1,1,2,2,1,1,1
1,222,350,0,2,0,1,0,0,0,0,0,0,0,,0,1,0,0,0,0,0,0,2,0,,2,,5,1,,1,1,2,2,2,1,1,2,2,1,1,1,2,2,1,2,1,1,2,1,2,2,1,1
2,223,475,2,1,0,0,0,0,0,0,0,0,0,,1,0,0,0,0,0,0,2,0,0,,2,,0,1,,1,1,2,2,2,1,1,1,1,1,1,,2,2,1,1,1,1,2,2,2,1,1,1
1,224,15000,2,1,0,0,0,0,0,0,0,0,0,,0,0,0,0,0,0,0,1,2,0,,2,,3,1,,1,1,2,2,2,1,1,1,1,1,1,1,2,2,1,1,1,1,2,2,2,1,1,1
2,225,12800,1,2,0,0,0,0,0,0,0,0,0,,1,0,0,2,0,0,0,0,0,0,,5,,0,6,"milieu urbain",1,1,1,2,2,1,1,1,1,1,1,1,2,2,1,1,1,2,2,1,2,1,1,1
1,226,5460,0,1,0,0,2,0,0,0,0,0,0,,0,0,0,0,0,0,0,1,2,0,,3,,0,1,,1,1,1,2,2,1,1,1,1,1,1,1,2,2,1,1,1,1,1,1,1,1,1,1
2,227,6000,1,2,0,0,0,0,0,0,0,0,0,,0,0,0,2,0,0,0,1,0,0,,2,,0,6,"le quartier se trouve dans la ville de Tamba",1,1,1,2,2,1,1,1,1,2,2,2,2,2,1,2,1,1,1,1,2,1,1,1
1,228,1000,0,2,0,0,1,0,0,0,0,0,0,,2,0,0,0,0,0,0,1,0,0,,3,,0,2,,1,1,2,2,2,1,1,1,1,1,1,1,2,2,1,2,1,1,2,2,2,1,1,1
2,229,3200,2,1,0,0,0,0,0,0,0,0,0,,0,0,0,0,0,0,2,1,0,0,,3,,3,2,,1,1,1,2,2,1,1,1,1,1,1,1,2,2,1,1,1,1,1,2,1,1,1,1
1,230,16000,2,1,0,0,0,0,0,0,0,0,0,,1,0,0,0,0,0,0,2,0,0,,2,,0,1,,1,1,1,,,1,1,1,1,1,1,1,2,2,1,2,1,1,2,2,1,1,1,1
2,231,2750,2,1,0,0,0,0,0,0,0,0,0,,0,0,0,0,0,0,2,1,0,0,,3,,2,2,,1,1,2,2,2,1,1,1,1,1,1,1,2,2,1,1,1,1,2,2,2,1,1,1
2,232,2000,2,0,0,0,1,0,0,0,0,0,0,,1,0,0,0,0,0,0,2,0,0,,1,,1,2,,1,,,,,,,1,1,1,1,1,2,2,1,1,2,2,2,1,2,2,2,1
1,233,1183,0,1,0,2,0,0,0,0,0,0,0,,2,0,0,1,0,0,0,0,0,0,,2,,78,2,,1,,,,,,,2,2,2,2,2,2,2,1,2,2,2,2,2,2,2,2,1
2,234,927,2,1,0,0,0,0,0,0,0,0,0,,1,0,0,2,0,0,0,0,0,0,,2,,27,1,,1,2,1,2,2,2,1,1,1,1,1,1,2,2,1,2,1,1,1,1,1,1,1,1
1,235,3268,2,0,0,1,0,0,0,0,0,0,0,,1,0,2,0,0,0,0,0,0,0,,2,,3,2,,1,1,1,2,2,1,1,1,1,1,1,1,2,2,1,1,1,1,2,1,1,1,1,1
2,236,2230,0,1,0,0,0,0,0,0,0,0,2,"Mandingue",1,0,0,2,0,0,0,0,0,0,,2,,50,3,,2,,,,,,,2,2,1,2,2,2,2,1,2,2,2,2,2,2,2,2,2
1,237,1800,2,1,0,0,0,0,0,0,0,0,0,,2,0,0,0,1,0,0,0,0,0,,2,,7,1,,1,1,,,,1,1,2,2,1,2,1,2,2,1,1,1,1,1,1,1,1,1,1
2,238,2000,0,2,1,0,0,0,0,0,0,0,0,,0,1,0,2,0,0,0,0,0,0,,3,,57,2,,1,1,1,2,2,2,3,2,1,1,2,2,2,2,1,1,1,1,1,1,1,1,2,1
1,239,178,0,1,0,0,0,0,0,0,0,0,0,,1,0,0,0,0,0,0,0,0,0,,3,,15,2,,1,,,,,,,2,2,1,2,1,2,2,1,1,2,2,2,2,2,2,2,1
2,240,1200,0,1,0,0,0,0,0,0,0,0,0,,1,0,0,2,0,0,0,0,0,0,,2,,10,3,,1,1,,,,1,3,2,2,1,1,1,2,2,1,2,2,2,2,2,2,2,2,1
1,241,1709,0,1,0,2,0,0,0,0,0,0,0,,0,2,0,0,0,0,0,1,0,0,,2,,0,1,,1,1,1,2,2,1,1,1,1,1,1,1,2,2,1,1,1,1,1,1,1,1,1,1
1,242,1835,0,1,0,2,0,0,0,0,0,0,0,,1,0,0,2,0,0,0,0,0,0,,2,,35,2,,1,1,1,2,2,1,1,2,2,1,2,2,2,2,1,1,1,1,1,2,2,2,2,1
2,243,290,0,1,0,0,0,0,0,0,0,0,0,,0,2,0,1,0,0,0,0,0,0,,3,,28,3,,1,1,2,2,2,1,3,2,2,2,2,2,2,2,1,2,1,1,2,2,2,2,2,1
1,244,1500,1,2,0,0,0,0,0,0,0,0,0,,1,0,0,2,0,0,0,0,0,0,,2,,40,2,,1,,,,,,,1,1,1,2,2,2,2,1,2,1,1,2,1,1,1,2,1
2,245,1200,1,2,0,0,0,0,0,0,0,0,0,,1,0,0,0,0,0,0,2,0,0,,2,,0,2,,1,1,,,,1,1,1,1,1,1,1,2,2,1,1,1,1,1,1,1,1,1,1
2,246,1924,1,2,0,0,0,0,0,0,0,0,0,,1,0,0,2,0,0,0,0,0,0,,2,,2,3,,2,,,,,,,2,1,1,1,2,2,2,1,2,1,2,2,2,2,2,2,1
1,247,13000,0,1,2,0,0,0,0,0,0,0,0,,0,1,0,2,0,0,0,0,0,0,,2,,30,2,,1,1,1,2,2,1,1,2,1,1,1,2,2,2,1,1,1,1,1,1,1,1,1,1
2,248,900,0,1,2,0,0,0,0,0,0,0,0,,1,0,0,2,0,0,0,0,0,0,,2,,35,2,,1,,,,,,,2,2,2,2,2,2,2,1,1,1,1,2,2,1,2,2,1
1,249,332,0,1,0,0,0,0,0,0,0,0,0,,1,0,0,2,0,0,0,0,0,0,,2,,15,2,,1,1,1,2,2,2,1,2,1,1,1,2,2,2,1,1,1,2,2,2,2,2,2,2
2,250,1500,2,1,0,0,0,0,0,0,0,0,0,,1,0,0,2,0,0,0,0,0,0,,2,,80,2,,1,,,,,,,2,2,1,2,2,2,2,1,2,2,1,2,2,1,1,2,1
1,251,4000,1,0,2,0,0,0,0,0,0,0,0,,0,0,0,0,0,0,2,1,0,0,,2,,3,1,,1,1,1,2,2,1,1,1,2,1,1,1,2,2,2,1,2,2,2,2,2,1,2,1
2,252,9000,1,0,0,0,0,2,0,0,0,0,0,,0,0,0,0,0,0,0,1,0,0,,2,,35,1,,1,1,1,2,2,1,1,1,1,1,1,1,2,2,1,1,1,1,2,2,1,1,1,1
1,253,20000,1,2,0,0,0,0,0,0,0,0,0,,0,0,0,0,0,0,0,1,0,2,"MACON",2,,3,1,,1,1,1,,,1,1,1,1,1,2,2,2,2,1,1,1,1,2,2,2,1,1,1
2,254,3000,1,0,2,0,0,0,0,0,0,0,0,,0,0,1,0,0,0,0,2,0,0,,2,,0,3,,2,,,,,,,1,1,1,1,2,2,2,1,2,1,1,2,2,1,2,1,1
1,255,26000,1,2,0,0,0,0,0,0,0,0,0,,0,0,0,0,0,0,1,2,0,0,,2,,3,1,,1,1,1,2,2,2,1,1,1,1,1,1,2,2,1,2,1,1,2,2,2,1,1,1
2,256,12000,1,0,0,0,0,0,0,0,0,0,0,,0,0,0,0,0,0,1,0,0,2,"TRANSPORT",2,,5,1,,1,1,1,2,2,1,1,1,1,2,2,2,2,2,1,2,1,1,2,2,2,2,1,1
1,257,10500,1,2,0,0,0,0,0,0,0,0,0,,0,0,0,0,0,0,0,1,0,2,"chauffeur djarkarta",2,,3,1,,1,1,1,2,2,2,1,1,2,1,1,1,2,2,1,2,1,1,2,2,2,1,2,1
2,258,11000,1,0,2,0,0,0,0,0,0,0,0,,0,0,2,0,0,0,0,1,0,0,,2,,0,1,,1,1,1,2,2,2,1,1,1,1,1,1,2,2,2,2,1,1,2,2,2,1,1,1
1,259,18000,1,2,0,0,0,0,0,0,0,0,0,,0,0,0,0,0,0,2,1,0,0,,3,,3,1,,1,1,1,2,2,1,1,1,2,1,1,2,2,2,1,2,1,1,2,2,2,1,1,1
2,260,12000,1,2,0,0,0,0,0,0,0,0,0,,0,0,0,0,0,0,2,1,0,0,,2,,3,1,,1,1,1,2,1,1,1,1,1,1,1,1,2,2,1,2,1,1,2,2,2,1,2,1
1,261,20000,1,2,0,0,0,0,0,0,0,0,0,,0,0,0,0,0,0,0,1,0,2,"metier",3,,0,1,,1,1,1,2,2,2,1,1,1,1,1,1,2,2,1,1,1,1,2,2,2,1,1,1
2,262,30000,1,2,0,0,0,0,0,0,0,0,0,,0,0,0,0,0,0,2,1,0,0,,2,,0,1,,1,1,1,2,2,2,1,1,1,1,1,2,2,2,1,2,1,1,2,2,2,2,1,1
1,263,22000,1,2,0,0,0,0,0,0,0,0,0,,0,0,0,2,0,0,0,1,0,0,,3,,0,1,,1,1,1,2,2,2,1,1,1,1,1,1,2,2,1,2,2,2,2,2,2,1,2,1
2,264,9999,1,2,0,0,0,0,0,0,0,0,0,,0,0,0,0,0,0,2,1,0,0,,2,,0,1,,1,1,1,2,2,1,1,1,1,2,2,2,2,2,1,2,1,1,2,2,1,1,2,1
1,265,6000,1,0,2,0,0,0,0,0,0,0,0,,0,0,0,0,0,0,0,1,2,0,,2,,0,1,,1,1,1,2,2,2,1,1,1,1,1,1,2,2,1,1,1,1,2,2,1,1,1,1
2,266,2981,1,0,0,0,2,0,0,0,0,0,0,,0,0,0,0,0,0,2,1,0,0,,2,,0,1,,1,1,1,2,2,1,1,1,1,1,1,1,2,2,1,2,1,1,2,2,2,2,2,1
1,267,3500,0,2,1,0,0,0,0,0,0,0,0,,0,0,0,0,0,0,0,1,0,2,"metier",4,,0,1,,1,1,1,2,2,2,1,1,1,1,1,1,2,2,1,1,2,2,2,2,2,2,2,1
2,268,2000,1,2,0,0,0,0,0,0,0,0,0,,0,0,0,0,0,0,0,1,2,0,,2,,1,3,,1,1,,,,1,1,1,1,1,1,1,2,2,1,2,2,2,2,2,2,2,2,1
1,269,1937,1,0,2,0,0,0,0,0,0,0,0,,1,0,0,0,0,0,0,2,0,0,,2,,0,1,,1,1,2,2,2,1,1,1,1,1,1,1,2,2,2,2,2,2,2,2,2,1,1,1
2,270,7453,1,2,0,0,0,0,0,0,0,0,0,,0,1,0,2,0,0,0,0,0,0,,2,,0,1,,1,1,1,2,2,2,1,1,1,1,1,2,2,2,1,2,1,1,2,2,1,1,1,1
1,271,949,1,2,0,0,0,0,0,0,0,0,0,,1,0,0,2,0,0,0,0,0,0,,2,,22,1,,1,1,1,2,2,2,1,1,1,2,2,1,2,2,1,2,1,1,1,1,1,1,1,1
2,272,2000,1,0,2,0,0,0,0,0,0,0,0,,1,0,0,0,0,0,0,2,0,0,,2,,5,1,,1,1,1,2,2,2,1,1,1,1,1,2,2,2,1,,1,1,2,2,2,1,1,2
1,273,380,1,0,2,0,0,0,0,0,0,0,0,,1,0,0,2,0,0,0,0,0,0,,2,,33,2,,1,1,1,2,2,2,1,1,1,1,2,2,2,2,2,1,1,1,2,2,2,2,1,1
2,274,701,1,0,0,0,2,0,0,0,0,0,0,,1,0,0,0,0,0,0,2,0,0,,2,,5,2,,1,1,2,2,2,1,1,1,1,2,2,2,2,2,1,2,2,2,2,2,2,2,2,1
1,275,753,1,0,0,0,2,0,0,0,0,0,0,,1,0,0,2,0,0,0,0,0,0,,2,,7,2,,1,2,1,2,2,2,2,2,1,1,1,2,2,2,1,2,2,2,2,2,2,2,2,1
2,276,405,1,0,0,0,2,0,0,0,0,0,0,,1,0,0,2,0,0,0,0,0,0,,4,,5,3,,2,,,,,,,1,1,1,1,1,2,2,1,1,2,2,2,2,2,2,2,1
1,277,950,1,0,2,0,0,0,0,0,0,0,0,,1,0,0,2,0,0,0,0,0,0,,1,,25,2,,1,,,,,,,1,1,2,2,2,2,2,1,2,1,2,2,2,2,2,1,1
1,278,5000,1,2,0,0,0,0,0,0,0,0,0,,0,0,0,0,0,0,1,2,0,0,,2,,0,1,,1,1,1,2,2,2,1,1,1,1,1,1,2,2,1,1,1,1,2,2,2,1,1,1
2,279,9999,1,2,0,0,0,0,0,0,0,0,0,,1,0,0,0,0,0,0,0,2,0,,5,,0,1,,1,1,2,2,2,1,1,1,1,1,1,2,2,2,1,2,1,1,2,1,2,1,1,1
2,280,1118,1,0,0,0,0,0,0,0,0,0,0,,1,0,0,2,0,0,0,0,0,0,,2,,7,2,,1,1,2,2,2,1,3,1,1,2,2,2,2,2,1,2,2,2,2,2,2,2,2,1
1,281,4072,1,2,0,0,0,0,0,0,0,0,0,,0,0,0,0,0,0,2,1,0,0,,3,,28,1,,1,1,1,2,2,2,2,1,1,1,2,2,2,2,1,2,1,1,1,2,2,1,1,1
2,282,853,0,1,0,0,0,0,0,0,0,0,0,,1,0,0,2,0,0,0,0,0,0,,2,,17,2,,1,1,1,2,2,1,1,1,1,1,2,2,2,2,1,2,1,2,2,2,2,2,2,2
1,283,785,1,2,0,0,0,0,0,0,0,0,0,,1,0,0,0,0,0,0,2,0,0,,3,,7,3,,1,1,1,2,2,2,2,1,1,1,1,2,2,2,1,2,2,1,2,2,1,1,1,1
2,284,1426,1,2,0,0,0,0,0,0,0,0,0,,1,0,0,2,0,0,0,0,0,0,,2,,7,1,,1,1,1,2,2,2,1,1,1,1,1,2,2,2,1,2,1,2,2,2,2,1,2,1
1,285,536,1,2,0,0,0,0,0,0,0,0,0,,1,0,0,2,0,0,0,0,0,0,,3,,7,3,,1,1,1,2,2,1,2,1,1,1,1,2,2,2,1,1,1,2,2,2,2,1,2,1
2,286,658,1,0,0,0,0,0,0,0,0,0,0,,1,0,0,2,0,0,0,0,0,0,,5,,10,3,,1,1,1,2,2,1,3,2,1,1,2,2,2,2,1,2,1,2,2,2,2,2,2,1
1,287,725,1,2,0,0,0,0,0,0,0,0,0,,1,0,0,0,0,0,0,0,0,0,,4,,20,3,,1,1,1,2,2,2,4,1,1,1,2,2,2,2,1,1,1,1,2,2,1,1,1,1
2,288,1860,1,2,0,0,0,0,0,0,0,0,0,,1,0,0,0,0,0,0,2,0,0,,2,,46,2,,1,1,1,2,2,1,1,1,1,1,2,2,2,2,1,1,1,1,1,1,1,1,2,1
1,289,935,1,0,0,0,0,0,0,0,0,0,0,,1,0,0,2,0,0,0,0,0,0,,2,,8,3,,1,1,1,2,2,2,1,1,1,1,2,2,2,2,1,1,1,1,1,1,1,1,1,1
1,290,2052,1,2,0,0,0,0,0,0,0,0,0,,0,1,0,0,0,0,0,2,0,0,,3,,0,1,,1,1,2,2,2,1,1,1,1,1,1,1,2,2,2,2,2,1,1,2,2,1,1,1
2,291,9999,1,2,0,0,0,0,0,0,0,0,0,,1,0,0,2,0,0,0,0,0,0,,2,,25,2,,1,,1,,,2,2,1,1,1,1,2,2,2,1,2,1,1,1,2,2,1,2,1
2,292,1150,1,0,2,0,0,0,0,0,0,0,0,,1,0,0,2,0,0,0,0,0,0,,2,,8,3,,1,1,1,2,2,2,2,2,1,2,2,2,2,2,1,2,1,2,2,2,2,2,1,1
1,293,1199,2,0,1,0,0,0,0,0,0,0,0,,2,0,0,1,0,0,0,0,0,0,,2,,7,1,,1,1,2,2,2,1,1,1,1,2,2,2,2,2,1,2,1,1,2,2,2,1,2,1
2,294,2000,1,0,2,0,0,0,0,0,0,0,0,,1,0,0,0,0,0,0,2,0,0,,2,,15,2,,1,2,1,2,2,2,2,2,1,2,2,2,2,2,1,2,2,2,1,2,2,1,1,1
1,295,,1,0,2,0,0,0,0,0,0,0,0,,0,0,0,0,1,0,0,2,0,0,,2,,0,1,,1,2,1,2,2,2,1,1,1,1,1,1,2,2,1,,1,2,2,2,2,1,2,1
2,296,2300,1,0,2,0,0,0,0,0,0,0,0,,0,0,0,0,1,0,0,2,0,0,,3,,2,1,,1,1,1,2,2,2,3,2,2,1,1,1,2,2,1,2,2,1,2,2,2,2,1,1
1,297,7000,1,0,2,0,0,0,0,0,0,0,0,,0,0,0,0,1,0,0,2,0,0,,7,"terre plate",0,1,,1,2,1,2,2,2,1,1,1,1,1,1,2,2,1,2,1,1,2,2,1,2,2,1
2,298,11000,1,2,0,0,0,0,0,0,0,0,0,,0,0,0,2,0,0,0,1,0,0,,2,,2,1,,1,2,1,2,2,2,1,2,2,1,1,1,2,2,1,2,1,1,2,2,2,2,1,1
1,299,8698,1,0,2,0,0,0,0,0,0,0,0,,0,0,0,0,0,0,0,1,2,0,,7,"terre plate",0,1,,1,2,1,2,2,2,1,1,1,1,1,1,2,2,1,2,1,1,2,2,1,1,2,1
2,300,3000,1,2,0,0,0,0,0,0,0,0,0,,0,0,0,0,0,0,0,2,1,0,,3,,5,1,,1,2,1,2,2,2,3,2,2,1,1,1,2,2,1,2,1,1,2,2,2,2,1,1
1,301,,1,0,0,2,0,0,0,0,0,0,0,,0,0,0,0,0,0,2,1,0,0,,7,"terre plate",0,1,,1,2,1,2,2,2,1,1,1,1,1,1,2,2,1,2,1,1,2,2,2,1,2,1
2,302,6000,1,0,2,0,0,0,0,0,0,0,0,,0,0,0,0,0,0,1,2,0,0,,3,,5,2,,1,2,1,2,2,2,3,2,2,1,1,2,2,2,1,2,1,1,2,2,2,2,1,1
1,303,,1,0,2,0,0,0,0,0,0,0,0,,0,0,0,0,0,0,2,1,0,0,,7,"terre plate",0,1,,1,2,1,2,2,2,1,2,2,1,1,1,2,2,1,2,1,2,2,2,2,2,1,1
2,304,11000,1,0,2,0,0,0,0,0,0,0,0,,0,0,0,0,0,0,0,1,0,2,"Transport",2,,0,1,,1,1,1,2,2,1,1,2,1,1,1,1,2,2,1,2,1,1,2,2,1,1,1,1
1,305,1200,1,2,0,0,0,0,0,0,0,0,0,,0,0,0,0,1,0,0,2,0,0,,3,,1,1,,1,2,1,2,2,2,1,1,1,1,1,1,2,2,1,1,1,1,2,2,2,1,2,1
2,306,3500,1,2,0,0,0,0,0,0,0,0,0,,0,0,0,0,1,0,0,2,0,0,,2,,1,1,,1,1,1,2,2,1,1,2,2,1,1,1,2,2,1,2,2,1,2,2,2,1,1,1
1,307,15000,2,0,1,0,0,0,0,0,0,0,0,,1,0,0,2,0,0,0,0,0,0,,7,"terrain plat",16,1,,1,2,1,2,2,2,1,1,1,1,1,1,2,2,1,1,1,1,1,1,1,1,1,1
2,308,1989,2,0,1,0,0,0,0,0,0,0,0,,1,0,0,2,0,0,0,0,0,0,,2,,9,3,,2,,,,,,,2,1,1,2,2,2,2,1,1,1,2,2,2,1,1,1,1
1,309,1086,2,0,1,0,0,0,0,0,0,0,0,,1,0,0,2,0,0,0,0,0,0,,7,"terre plate",30,1,,1,,,,,,,2,1,1,2,2,2,2,1,2,2,2,2,2,2,2,2,1
2,310,1200,2,0,1,0,0,0,0,0,0,0,0,,1,0,0,2,0,0,0,0,0,0,,2,,7,3,,2,,,,,,,2,2,1,1,2,2,2,1,1,1,1,2,2,2,1,1,1
1,311,13500,1,0,2,0,0,0,0,0,0,0,0,,0,0,0,0,2,0,0,1,0,0,,2,,5,1,,1,2,1,2,2,2,1,1,2,2,2,2,2,2,1,2,1,1,2,2,2,1,1,1
2,312,15000,2,0,1,0,0,0,0,0,0,0,0,,1,0,0,0,2,0,0,0,0,0,,2,,7,1,,1,2,1,2,2,2,1,2,2,1,1,1,2,2,1,2,1,1,2,2,1,1,1,1
1,313,900,2,0,1,0,0,0,0,0,0,0,0,,0,0,0,0,0,0,1,2,0,0,,7,"ravin",29,1,,1,1,1,2,2,2,1,1,1,1,2,2,2,2,1,2,1,1,2,2,2,1,1,1
2,314,650,2,0,1,0,0,0,0,0,0,0,0,,1,0,0,2,0,0,0,0,0,0,,2,,15,3,,1,2,1,2,2,2,1,2,2,2,2,1,2,2,1,1,1,1,2,2,2,2,1,1
1,315,530,1,2,0,0,0,0,0,0,0,0,0,,0,0,0,2,0,0,0,1,0,0,,2,,27,1,,1,1,1,2,2,2,3,1,1,2,1,1,2,2,1,1,1,1,2,2,2,1,1,1
2,316,2500,1,2,0,0,0,0,0,0,0,0,0,,0,0,2,0,1,0,0,0,0,0,,2,,0,3,,1,2,1,2,2,2,1,1,1,1,1,1,2,2,1,1,1,2,2,2,2,1,2,1
1,317,4000,1,0,2,0,0,0,0,0,0,0,0,,0,1,0,2,0,0,0,0,0,0,,4,,22,1,,1,,,,,,,1,1,1,2,2,2,2,1,1,1,1,2,2,2,2,2,1
2,318,98,1,0,0,0,0,0,0,0,0,0,0,,2,0,0,0,0,0,0,1,0,0,,2,,2,2,,1,2,1,2,2,2,1,1,1,1,1,2,2,2,1,1,1,1,2,2,2,1,1,1
1,319,2800,1,2,0,0,0,0,0,0,0,0,0,,1,0,2,0,0,0,0,0,0,0,,2,,7,6,"ROUTE SABLE",1,2,1,2,2,2,2,2,1,1,2,2,2,2,1,2,2,2,2,2,2,2,2,1
2,320,1985,1,0,0,0,0,0,0,0,0,0,0,,1,0,0,0,0,0,0,0,0,0,,3,,4,2,,1,,,,,,,2,1,2,2,2,2,2,1,1,2,2,2,2,2,1,2,1
1,321,617,2,0,1,0,0,0,0,0,0,0,0,,0,0,1,0,0,0,2,0,0,0,,3,,7,2,,1,,,,,,,1,2,1,2,2,2,2,1,2,2,2,2,2,2,1,2,1
2,322,2214,2,0,1,0,0,0,0,0,0,0,0,,0,0,0,0,0,0,1,2,0,0,,3,,2,3,,1,1,1,2,2,1,1,2,2,1,1,1,2,2,1,2,2,1,1,2,1,2,1,1
1,323,50000,1,0,2,0,0,0,0,0,0,0,0,,0,0,0,0,0,0,0,1,2,0,,2,,0,1,,1,1,1,2,2,2,1,1,1,1,1,1,2,2,1,2,1,1,2,2,1,1,1,1
2,324,10235,1,0,0,0,0,0,0,0,0,0,0,,0,0,0,0,0,0,0,1,2,0,,2,,0,1,,1,1,1,2,2,1,1,1,1,1,1,1,2,2,1,2,2,1,2,2,2,1,1,1
1,325,22000,1,2,0,0,0,0,0,0,0,0,0,,0,0,0,0,0,0,0,1,2,0,,2,,0,1,,1,1,1,2,2,1,1,1,1,1,1,1,2,2,1,2,1,1,2,2,2,1,1,1
2,326,13896,1,0,0,0,0,0,0,0,0,0,0,,0,0,0,0,0,0,0,1,0,0,,2,,3,1,,1,1,1,2,2,1,1,1,1,1,1,1,2,2,1,1,,,,,,,,
1,327,8800,1,2,0,0,0,0,0,0,0,0,0,,0,0,0,0,0,0,2,1,0,0,,2,,70,1,,1,1,1,2,2,2,1,1,1,1,1,1,2,2,1,2,1,1,2,2,1,1,1,1
2,328,21707,2,1,0,0,0,0,0,0,0,0,0,,0,0,0,0,0,0,0,2,1,0,,2,,0,1,,1,1,1,2,2,2,1,1,1,1,1,1,2,2,1,1,1,1,2,2,2,1,1,1
1,329,804,1,0,0,0,0,2,0,0,0,0,0,,0,0,0,0,0,0,0,2,1,0,,2,,0,1,,1,1,1,2,2,2,1,1,1,1,1,1,2,2,1,2,1,2,2,2,2,2,1,1
2,330,16953,1,0,2,0,0,0,0,0,0,0,0,,0,0,0,0,0,0,0,1,2,0,,4,,4,1,,1,1,1,2,2,2,1,1,1,1,1,1,2,2,1,2,2,1,2,2,1,1,1,1
1,331,11575,1,2,0,0,0,0,0,0,0,0,0,,0,0,0,0,0,0,0,2,1,0,,2,,0,1,,1,1,1,2,2,2,1,1,1,1,1,1,2,2,1,2,1,1,2,2,2,1,1,1
2,332,9998,1,2,0,0,0,0,0,0,0,0,0,,0,0,0,0,0,0,0,1,2,0,,2,,0,1,,1,1,1,2,2,1,1,1,1,1,1,1,2,2,1,2,1,1,2,2,2,2,1,1
1,333,800,1,0,0,0,0,0,0,0,0,2,0,,0,0,0,0,0,0,2,1,0,0,,2,,0,1,,1,1,1,2,2,1,1,1,1,1,1,1,2,2,1,2,1,1,1,2,1,1,1,1
2,334,3200,1,2,0,0,0,0,0,0,0,0,0,,0,0,1,0,0,0,0,2,0,0,,1,,0,1,,1,1,1,2,2,2,1,1,1,1,1,1,2,2,1,2,2,1,2,2,2,1,1,1
1,335,2000,1,0,0,0,0,0,0,0,0,0,2,"arabe",1,0,2,0,0,0,0,0,0,0,,2,,3,2,,1,,,,,,,1,1,2,2,2,2,2,1,1,1,1,2,1,2,1,1,1
2,336,859,0,1,0,0,0,0,0,0,0,0,0,,0,0,1,0,0,0,0,0,0,0,,1,,33,2,,1,2,1,2,2,2,3,2,1,2,1,2,2,2,1,2,2,2,2,2,2,2,2,1
1,337,15000,1,2,0,0,0,0,0,0,0,0,0,,1,0,0,0,0,0,0,2,0,0,,2,,18,1,,1,2,1,2,2,2,1,1,1,1,1,2,2,2,1,1,1,1,1,1,1,1,1,1
2,338,900,1,0,0,0,0,0,0,0,0,0,0,,1,0,0,2,0,0,0,0,0,0,,1,,5,3,,2,,,,,,,2,1,1,2,2,2,2,1,1,2,2,2,2,2,2,2,1
1,339,491,1,2,0,0,0,0,0,0,0,0,0,,1,0,0,2,0,0,0,0,0,0,,2,,19,3,,2,,,,,,,2,1,1,1,2,2,2,1,2,2,1,2,2,2,1,2,1
2,340,457,1,0,0,0,0,0,0,0,0,0,0,,1,0,0,0,0,0,0,0,0,0,,2,,7,1,,1,2,1,2,2,2,4,2,1,1,2,2,2,2,1,2,2,1,2,2,2,2,2,1
1,341,6300,2,0,1,0,0,0,0,0,0,0,0,,0,0,1,2,0,0,0,0,0,0,,2,,19,2,,1,1,1,2,2,2,2,1,1,1,1,2,2,2,1,1,1,1,2,2,2,1,1,1
2,342,1100,1,0,0,0,0,0,0,0,0,0,0,,1,0,2,0,0,0,0,0,0,0,,2,,4,3,,1,1,1,2,2,2,1,2,1,2,2,2,2,2,1,2,2,2,2,2,2,1,1,1
1,343,3000,1,2,0,0,0,0,0,0,0,0,0,,2,0,0,0,0,0,0,1,0,0,,2,,0,1,,1,1,1,2,2,1,1,1,1,1,1,1,2,2,1,2,1,1,1,2,1,1,1,1
2,344,2021,1,2,0,0,0,0,0,0,0,0,0,,0,0,0,2,0,0,0,1,0,0,,3,,20,1,,1,,1,,,2,1,1,1,1,1,1,,,1,1,1,1,1,2,1,1,1,1
1,345,900,1,0,0,0,0,0,0,0,0,2,0,,1,0,0,0,0,0,0,2,0,0,,2,,7,1,,1,1,1,2,2,2,1,1,1,1,1,1,2,2,1,2,1,1,1,2,2,1,1,1
1,346,800,1,0,0,0,0,0,0,0,0,0,0,,2,0,0,0,0,0,0,1,0,0,,3,,1,1,,1,1,1,2,2,2,1,1,1,1,1,2,2,2,1,2,2,1,2,2,2,1,1,1
2,347,,1,2,0,0,0,0,0,0,0,0,0,,0,0,0,1,0,0,0,2,0,0,,2,,20,1,,1,,1,,,2,1,1,1,1,1,1,,,1,1,1,1,2,2,2,2,2,1
1,348,900,2,1,0,0,0,0,0,0,0,0,0,,1,0,2,0,0,0,0,0,0,0,,1,,14,3,,1,,1,,,2,4,2,2,2,2,2,2,2,1,2,1,1,2,2,1,1,2,1
2,349,1651,1,2,0,0,0,0,0,0,0,0,0,,0,0,0,1,0,0,0,2,0,0,,3,,6,1,,1,1,1,2,2,2,1,1,1,1,1,1,2,2,1,2,2,1,2,2,2,2,2,1
1,350,1563,2,1,0,0,0,0,0,0,0,0,0,,2,0,0,1,0,0,0,0,0,0,,2,,7,3,,1,1,1,2,2,1,1,1,1,1,1,2,2,2,1,1,1,2,2,2,2,1,1,1
2,351,482,2,0,0,0,0,0,0,0,0,1,0,,1,0,0,2,0,0,0,0,0,0,,2,,12,3,,1,1,1,2,2,1,2,1,1,1,2,1,2,2,2,2,1,2,2,2,2,2,2,1
2,352,,1,2,0,0,0,0,0,0,0,0,0,,0,0,0,1,0,0,0,2,0,0,,3,,0,1,,1,2,1,2,2,2,1,1,1,1,1,1,2,2,1,1,1,1,2,2,1,2,1,1
2,354,,1,2,0,0,0,0,0,0,0,0,0,,0,0,0,1,0,0,0,2,0,0,,3,,0,1,,1,1,1,2,2,2,1,1,1,1,1,1,2,2,1,1,1,1,2,2,1,1,1,1
1,355,6000,2,1,0,0,0,0,0,0,0,0,0,,1,0,0,0,0,0,0,2,0,0,,2,,0,1,,1,1,1,2,2,1,1,1,1,1,1,1,2,2,1,2,1,1,2,2,2,1,2,1
2,356,1000,2,1,0,0,0,0,0,0,0,0,0,,0,0,0,1,0,0,0,2,0,0,,3,,0,2,,1,1,1,2,2,1,1,1,1,1,1,1,2,2,1,2,1,1,2,2,2,1,2,1
1,357,920,1,0,0,0,0,0,0,0,0,2,0,,1,0,0,2,0,0,0,0,0,0,,5,,40,2,,1,,,,,,,1,1,1,1,1,2,2,1,1,1,1,2,1,2,1,2,1
1,358,1200,1,2,0,0,0,0,0,0,0,0,0,,1,0,0,2,0,0,0,0,0,0,,3,,35,1,,1,2,1,2,2,2,1,1,1,1,1,1,2,2,1,2,1,1,2,1,2,1,1,1
2,359,325,1,0,0,0,0,0,0,0,0,0,0,,0,0,0,2,0,0,0,1,0,0,,3,,14,3,,1,,1,,,2,1,2,1,1,1,1,2,2,1,2,1,1,1,1,2,2,2,1
1,360,300,0,1,0,0,0,0,0,0,0,0,0,,2,0,0,1,0,0,0,0,0,0,,5,,9,2,,1,2,1,2,2,2,2,2,2,1,2,2,2,2,1,2,2,2,2,2,2,2,2,1
2,361,100,1,2,0,0,0,0,0,0,0,0,0,,0,0,0,1,0,0,0,0,0,2,"AGRICULTURE",3,,14,2,,1,,1,,,2,1,2,2,1,1,1,2,2,1,1,2,,,,,,,
1,362,350,0,1,0,0,0,0,0,0,0,0,0,,0,0,0,1,0,0,0,2,0,0,,2,,80,3,,2,,,,,,,2,1,1,2,2,2,2,1,1,1,2,2,2,2,2,2,1
2,363,700,1,0,0,0,0,0,0,0,0,0,0,,0,0,0,1,0,0,0,0,0,2,"AGRICULTURE ARACHIDE MIL NIEBE",2,,16,1,,1,1,1,2,2,2,1,1,1,2,1,2,2,2,1,2,2,1,2,2,1,2,2,2
1,364,,1,0,0,0,0,0,0,0,0,0,0,,0,0,0,2,0,0,0,0,1,0,,2,,1,2,,1,,,,,,,1,1,1,1,1,2,2,1,1,1,2,2,2,2,1,2,1
2,365,14000,1,2,0,0,0,0,0,0,0,0,0,,0,0,0,0,0,0,2,1,0,0,,2,,0,1,,1,1,1,2,2,1,1,1,1,1,1,1,2,2,1,1,1,1,2,1,2,1,1,1
1,366,10575,1,0,0,0,0,0,0,0,0,0,0,,0,0,0,0,0,0,1,0,0,0,,2,,1,1,,1,1,1,2,2,1,1,1,1,1,1,1,2,2,1,1,1,1,2,2,1,2,1,1
2,367,13000,1,2,0,0,0,0,0,0,0,0,0,,0,0,0,0,0,0,2,1,0,0,,2,,0,1,,1,1,1,,,2,1,1,1,1,1,1,2,2,1,1,1,2,2,2,2,1,1,1
1,368,6975,1,0,0,0,0,0,0,0,0,0,0,,0,0,0,2,0,0,0,1,0,0,,4,,2,1,,1,1,1,2,2,2,1,1,1,1,1,1,2,2,1,2,1,2,2,2,1,2,1,1
2,369,11000,1,2,0,0,0,0,0,0,0,0,0,,0,0,0,0,0,0,2,1,0,0,,2,,0,1,,1,1,1,2,2,2,1,1,1,1,1,1,2,2,1,1,1,1,2,2,2,1,1,1
1,370,16500,1,2,0,0,0,0,0,0,0,0,0,,0,0,0,2,0,0,0,1,0,0,,2,,1,3,,1,1,1,2,2,1,1,1,1,1,1,1,2,2,1,2,1,1,2,2,2,1,1,1
2,371,12500,1,2,0,0,0,0,0,0,0,0,0,,0,0,0,0,0,0,2,1,0,0,,2,,0,1,,1,1,1,2,2,1,1,1,1,1,1,1,2,2,1,1,1,1,2,2,1,1,1,1
1,372,8000,1,0,0,0,0,0,0,0,0,0,0,,0,0,0,0,0,0,0,1,0,0,,2,,0,1,,1,1,1,2,2,1,1,1,1,1,1,1,2,2,1,2,1,1,2,2,2,1,1,1
2,373,12500,1,2,0,0,0,0,0,0,0,0,0,,0,0,0,0,0,0,2,1,0,0,,2,,0,1,,1,1,1,2,2,1,1,1,1,1,1,1,2,2,1,1,1,1,1,2,2,1,1,1
1,374,22800,1,2,0,0,0,0,0,0,0,0,0,,0,0,0,0,0,0,1,0,2,0,,2,,0,1,,1,1,1,2,2,2,1,1,1,1,1,1,2,2,1,2,1,1,2,1,2,1,1,1
2,375,8000,1,2,0,0,0,0,0,0,0,0,0,,0,0,0,0,0,0,2,1,0,0,,2,,0,1,,1,1,1,2,2,1,1,1,1,1,1,1,2,2,1,1,1,1,2,2,1,1,1,1
2,376,514,0,1,0,0,0,0,0,0,0,2,0,,2,0,0,1,0,0,0,0,0,0,,2,,9,3,,2,,,,,,,2,1,1,1,2,2,2,1,2,1,1,2,2,2,1,2,2
1,377,400,0,1,0,0,0,0,0,0,0,2,0,,2,0,0,1,0,0,0,0,0,0,,2,,42,3,,2,,,,,,,2,2,1,2,2,2,2,1,2,2,1,1,2,2,2,2,1
2,378,298,0,1,0,0,0,0,0,0,0,0,0,,0,0,0,1,0,0,0,0,0,0,,2,,8,3,,1,2,1,2,2,2,1,1,1,1,1,1,2,2,1,2,2,2,2,2,2,1,2,2
1,379,800,1,0,0,0,0,0,0,0,0,0,0,,1,0,0,2,0,0,0,0,0,0,,2,,7,1,,1,1,1,2,2,1,1,1,1,1,1,1,2,2,1,1,1,1,2,2,2,1,2,2
2,380,543,1,2,0,0,0,0,0,0,0,0,0,,1,0,0,2,0,0,0,0,0,0,,2,,2,2,,1,,,,,,,1,1,1,1,1,2,2,1,2,1,1,2,2,2,1,2,1
1,381,648,1,2,0,0,0,0,0,0,0,0,0,,0,0,1,2,0,0,0,0,0,0,,2,,30,1,,1,1,1,2,2,2,1,2,1,1,1,1,2,2,1,2,1,2,2,2,2,2,2,1
2,382,318,1,0,0,0,0,0,0,0,0,0,0,,0,1,0,2,0,0,0,0,0,0,,2,,12,3,,2,,,,,,,2,1,1,2,2,2,2,1,2,1,2,2,2,2,2,2,1
1,383,2300,2,0,1,0,0,0,0,0,0,0,0,,0,0,0,0,0,0,0,1,2,0,,3,,3,1,,1,1,2,2,2,1,1,1,1,1,1,1,2,2,1,2,1,1,2,1,1,1,2,1
2,384,1929,0,2,1,0,0,0,0,0,0,0,0,,0,0,0,0,0,0,2,1,0,0,,3,,2,1,,1,1,1,2,2,1,1,1,1,1,1,1,2,2,1,1,1,2,2,2,2,2,2,1
1,385,3500,0,2,1,0,0,0,0,0,0,0,0,,0,0,0,1,0,0,0,2,0,0,,2,,0,1,,1,1,1,2,2,1,1,1,1,1,1,1,2,2,2,1,1,1,2,1,2,1,1,1
2,386,1049,1,0,2,0,0,0,0,0,0,0,0,,0,0,0,0,0,0,0,1,2,0,,2,,2,1,,1,1,1,2,2,1,1,1,2,1,1,2,2,2,1,1,1,1,2,2,1,1,1,1
1,387,9500,2,0,1,0,0,0,0,0,0,0,0,,1,0,0,0,2,0,0,0,0,0,,2,,0,1,,1,1,1,2,2,1,1,1,1,1,1,1,2,2,1,1,1,1,1,2,2,1,1,1
2,388,2800,2,0,1,0,0,0,0,0,0,0,0,,1,0,0,2,0,0,0,0,0,0,,2,,0,1,,1,1,1,2,2,2,1,1,1,1,1,2,2,2,1,1,1,1,1,1,2,1,1,1
1,389,3500,2,0,1,0,0,0,0,0,0,0,0,,1,0,0,0,0,0,0,2,0,0,,2,,21,1,,1,1,1,2,2,1,1,1,1,1,1,2,2,2,1,2,2,2,2,2,2,1,1,1
1,390,1900,0,2,1,0,0,0,0,0,0,0,0,,1,2,0,0,0,0,0,0,0,0,,2,,9,1,,1,2,1,,2,2,1,1,1,1,1,1,2,2,1,1,1,1,2,2,1,2,2,1
2,391,1280,2,0,1,0,0,0,0,0,0,0,0,,1,0,2,0,0,0,0,0,0,0,,2,,8,3,,2,,,,,,,2,2,1,2,2,2,2,1,1,1,1,2,2,2,2,2,1
1,392,3350,0,2,1,0,0,0,0,0,0,0,0,,1,0,0,0,2,0,0,0,0,0,,2,,26,3,,1,1,1,2,2,1,1,1,1,1,1,1,2,2,1,2,1,1,2,2,2,2,1,1
2,393,867,2,0,1,0,0,0,0,0,0,0,0,,1,0,0,2,0,0,0,0,0,0,,2,,48,1,,1,1,1,2,2,2,1,1,1,1,2,2,2,2,1,1,1,1,2,2,1,1,2,1
1,394,2472,0,0,1,0,0,0,0,0,0,0,0,,2,0,0,1,0,0,0,0,0,0,,2,,24,1,,1,1,1,2,2,2,1,1,1,1,1,2,2,2,1,2,1,1,1,2,1,2,1,1
2,395,6000,2,0,1,0,0,0,0,0,0,0,0,,2,0,0,1,0,0,0,0,0,0,,2,,18,2,,1,1,1,2,2,2,2,1,1,2,2,2,2,2,1,1,1,1,2,1,2,2,1,1
1,396,750,0,0,1,0,0,0,0,0,0,0,0,,0,2,0,1,0,0,0,0,0,0,,2,,1,3,,1,1,2,2,2,1,1,1,2,1,1,2,2,2,1,2,1,2,1,2,2,1,1,1
2,397,2603,1,0,2,0,0,0,0,0,0,0,0,,1,0,0,2,0,0,0,0,0,0,,2,,9,3,,2,,,,,,,2,2,2,2,2,2,2,1,1,1,1,2,1,1,1,2,1
1,398,3520,0,2,1,0,0,0,0,0,0,0,0,,1,0,0,2,0,0,0,0,0,0,,3,,18,2,,1,1,1,2,2,2,1,1,2,1,1,1,2,2,1,2,1,1,2,2,2,1,1,1
2,399,661,2,0,1,0,0,0,0,0,0,0,0,,1,0,0,2,0,0,0,0,0,0,,2,,7,2,,1,1,1,,,1,1,1,1,2,2,2,2,2,1,1,1,1,2,2,2,1,2,1
1,400,8835,0,2,1,0,0,0,0,0,0,0,0,,1,0,0,2,0,0,0,0,0,0,,2,,54,1,,1,1,1,2,2,2,1,1,1,1,1,1,2,2,1,1,1,1,2,2,1,1,1,1
2,401,2785,1,0,2,0,0,0,0,0,0,0,0,,0,0,0,0,0,0,0,2,1,0,,2,,1,1,,1,1,1,2,2,1,1,1,1,1,1,2,2,2,1,1,1,1,2,2,1,1,1,1
1,402,2500,1,0,2,0,0,0,0,0,0,0,0,,1,0,0,0,0,0,0,2,0,0,,2,,18,1,,1,1,1,2,2,2,1,1,1,1,1,1,2,2,1,2,2,1,2,2,1,1,2,2
2,403,1438,1,0,2,0,0,0,0,0,0,0,0,,2,0,0,0,0,0,0,1,0,0,,1,,0,1,,1,1,1,2,1,1,1,1,1,2,2,2,2,2,1,2,1,1,1,1,1,1,2,1
1,404,3000,1,0,2,0,0,0,0,0,0,0,0,,0,0,0,0,2,0,0,1,0,0,,2,,16,1,,1,1,1,2,2,2,1,1,1,1,1,1,2,2,1,1,1,1,1,1,1,1,1,1
2,405,2500,1,2,0,0,0,0,0,0,0,0,0,,0,0,0,2,0,0,0,1,0,0,,2,,0,1,,1,1,1,2,2,2,1,1,1,1,1,2,2,2,1,1,1,1,2,2,2,1,2,1
1,406,2600,1,2,0,0,0,0,0,0,0,0,0,,0,0,0,0,0,0,0,1,2,0,,3,,1,1,,1,,,,,,,1,1,1,1,1,2,2,1,2,2,2,1,1,2,1,1,1
2,407,2715,1,2,0,0,0,0,0,0,0,0,0,,2,0,0,0,0,0,0,1,0,0,,2,,0,1,,1,1,1,2,2,1,1,1,1,1,2,2,2,1,1,2,1,1,2,2,2,1,2,1
1,408,4000,1,2,0,0,0,0,0,0,0,0,0,,0,0,0,0,0,0,0,1,2,0,,3,,3,6,"voie sablonneuse",1,1,1,2,2,1,1,1,1,1,1,1,2,1,1,2,2,2,2,2,1,1,2,1
2,409,720,1,0,2,0,0,0,0,0,0,0,0,,1,0,0,2,0,0,0,0,0,0,,2,,0,2,,1,1,1,2,2,2,1,1,2,2,2,2,2,2,1,1,1,1,2,2,2,1,1,1
2,410,3732,1,0,2,0,0,0,0,0,0,0,0,,1,0,0,2,0,0,0,0,0,0,,3,,7,1,,1,1,1,2,2,1,1,1,1,1,2,1,2,2,1,1,1,1,1,2,1,1,2,1
1,411,400,0,1,2,0,0,0,0,0,0,0,0,,1,0,0,2,0,0,0,0,0,0,,3,,5,6,"voie sableuse",2,,,,,,,1,2,1,1,1,2,2,1,2,1,2,2,2,2,2,2,1
2,412,5834,0,0,1,0,0,2,0,0,0,0,0,,1,2,0,0,0,0,0,0,0,0,,7,"île",30,6,"pirogue",2,,,,,,,1,1,2,2,2,2,2,1,2,1,1,2,2,2,1,2,1
1,413,2500,1,2,0,0,0,0,0,0,0,0,0,,1,0,0,2,0,0,0,0,0,0,,3,,7,6,"voie sableuse",1,1,2,2,2,1,1,2,1,1,1,2,2,2,1,2,2,2,2,2,2,2,2,1
2,414,2000,1,0,0,0,0,0,0,0,0,0,0,,1,0,0,0,0,0,0,2,0,0,,2,,15,3,,2,,,,,,,2,2,2,2,2,2,2,1,1,1,1,2,2,2,2,2,1
1,415,612,2,0,1,0,0,0,0,0,0,0,0,,0,0,0,0,1,0,2,0,0,0,,5,,1,1,,1,1,2,2,2,1,1,1,1,1,1,1,2,2,1,1,1,1,2,1,1,1,2,1
1,416,2000,1,0,0,0,0,0,0,0,0,0,0,,2,0,0,0,0,0,0,1,0,0,,3,,0,1,,1,,,,,,,1,1,1,1,1,2,2,1,2,1,1,2,2,1,1,1,1
2,417,11000,1,2,0,0,0,0,0,0,0,0,0,,1,0,0,0,0,0,0,2,0,0,,3,,0,1,,1,1,1,2,2,1,1,1,1,1,1,1,2,2,1,2,1,2,2,2,1,1,2,1
2,418,2000,1,2,0,0,0,0,0,0,0,0,0,,1,0,0,2,0,0,0,0,0,0,,2,,9,2,,1,,1,,,2,2,2,1,1,2,2,2,2,1,1,1,1,2,2,2,1,2,1
1,419,413,1,0,2,0,0,0,0,0,0,0,0,,1,0,0,2,0,0,0,0,0,0,,2,,4,3,,2,,,,,,,2,1,1,2,2,2,2,1,2,1,2,2,2,2,2,2,1
2,420,13000,1,0,0,0,0,0,0,0,0,0,0,,1,0,2,0,0,0,0,0,0,0,,3,,8,1,,1,1,1,2,2,1,1,1,1,1,1,2,2,2,1,2,1,2,2,2,2,1,2,1
1,421,2000,0,1,0,2,0,0,0,0,0,0,0,,0,0,1,0,0,0,0,2,0,0,,2,,0,1,,1,1,1,2,2,1,1,1,1,1,1,1,2,2,1,1,1,1,1,1,1,1,1,1
2,422,11250,0,1,0,2,0,0,0,0,0,0,0,,0,0,0,0,0,0,0,1,0,2,"transport",2,,0,1,,1,1,1,2,2,1,1,1,1,1,1,1,2,2,1,1,1,1,2,2,1,1,1,1
1,423,7656,0,2,0,1,0,0,0,0,0,0,0,,0,0,0,0,0,0,0,1,2,0,,2,,0,1,,1,1,1,2,2,1,1,1,1,1,1,1,2,2,1,2,1,2,2,2,2,1,1,1
2,424,6021,0,1,0,2,0,0,0,0,0,0,0,,1,0,0,2,0,0,0,0,0,0,,2,,0,1,,1,1,1,2,2,1,1,1,1,1,1,1,2,2,1,1,1,1,2,2,2,1,1,1
1,425,8000,0,1,0,2,0,0,0,0,0,0,0,,0,0,2,1,0,0,0,0,0,0,,2,,1,1,,1,1,1,2,2,1,1,2,1,1,1,1,2,2,1,1,1,1,2,2,2,1,1,1
2,426,3526,1,2,0,0,0,0,0,0,0,0,0,,0,0,0,2,0,0,0,1,0,0,,2,,0,1,,1,1,1,2,2,1,1,1,1,1,1,1,2,2,1,1,1,1,2,1,1,1,1,1
1,427,14000,0,1,0,2,0,0,0,0,0,0,0,,0,0,2,0,0,0,0,1,0,0,,2,,3,3,,1,1,2,2,2,1,1,1,1,1,1,1,2,2,1,2,1,1,2,2,1,1,1,1
2,428,2010,0,1,0,2,0,0,0,0,0,0,0,,0,0,0,0,0,0,0,1,2,0,,2,,0,1,,1,1,1,2,2,1,1,1,1,1,1,1,2,2,1,2,1,1,2,1,1,1,1,1
1,429,722,0,2,0,1,0,0,0,0,0,0,0,,2,1,0,0,0,0,0,0,0,0,,2,,2,2,,1,,,,,,,2,2,1,1,2,2,2,1,1,1,1,2,2,2,1,2,1
1,430,470,0,1,0,0,0,0,0,0,0,0,0,,0,1,0,2,0,0,0,0,0,0,,2,,5,2,,1,,,,,,,2,2,1,1,1,2,2,1,1,1,2,1,2,1,1,1,1
2,431,1030,0,1,0,2,0,0,0,0,0,0,0,,0,1,0,2,0,0,0,0,0,0,,2,,15,2,,1,,,,,,,1,1,1,2,2,2,2,1,1,1,1,2,2,1,1,1,1
1,432,470,2,1,0,0,0,0,0,0,0,0,0,,2,1,0,0,0,0,0,0,0,0,,2,,5,3,,2,,,,,,,2,2,1,2,2,2,2,1,2,1,2,2,2,1,1,2,1
2,433,921,2,1,0,0,0,0,0,0,0,0,0,,0,1,0,2,0,0,0,0,0,0,,2,,0,2,,1,1,1,2,2,1,1,2,2,1,1,1,2,2,1,1,1,1,1,2,1,1,1,1
1,434,550,2,1,0,0,0,0,0,0,0,0,0,,0,1,0,2,0,0,0,0,0,0,,2,,6,3,,2,,,,,,,2,2,1,1,2,2,2,1,1,1,1,2,2,2,2,2,1
2,435,1500,0,1,0,0,0,0,0,0,0,0,0,,1,2,0,0,0,0,0,0,0,0,,2,,3,3,,1,1,2,2,2,1,1,2,2,1,1,2,2,2,1,2,1,2,2,2,2,2,1,1
1,436,210,2,1,0,0,0,0,0,0,0,0,0,,0,1,0,2,0,0,0,0,0,0,,2,,7,3,,1,1,2,2,2,1,2,2,2,1,1,2,2,2,1,2,2,2,2,2,2,2,2,1
2,437,2200,2,1,0,0,0,0,0,0,0,0,0,,2,0,0,0,0,0,0,1,0,0,,2,,0,3,,1,1,2,2,2,1,1,1,1,1,1,1,2,2,1,2,1,1,2,2,2,1,1,1
1,438,7500,2,1,0,0,0,0,0,0,0,0,0,,0,2,0,0,0,0,0,1,0,0,,2,,0,1,,1,1,2,2,2,1,1,1,1,1,1,1,2,2,1,2,2,1,2,2,2,1,1,1
2,439,11000,2,1,0,0,0,0,0,0,0,0,0,,0,2,0,0,0,0,0,1,0,0,,2,,0,2,,1,1,1,2,2,1,1,1,1,1,2,1,2,2,1,1,1,1,2,2,2,2,2,1
1,440,6000,0,1,0,2,0,0,0,0,0,0,0,,2,0,0,0,0,0,0,1,0,0,,2,,40,3,,1,1,1,2,2,1,1,1,1,1,1,1,2,2,1,2,1,1,2,2,2,1,1,1
2,441,3847,0,1,0,2,0,0,0,0,0,0,0,,0,2,0,0,0,0,0,1,0,0,,2,,40,3,,1,1,2,2,2,1,1,1,1,1,1,1,2,2,1,1,1,1,2,2,2,1,1,1
1,442,1300,0,1,0,2,0,0,0,0,0,0,0,,1,0,0,0,0,0,0,2,0,0,,2,,6,3,,1,1,1,2,2,1,1,1,2,1,1,1,2,2,1,2,1,1,1,2,2,1,2,1
2,443,9999,2,1,0,0,0,0,0,0,0,0,0,,0,2,0,0,0,0,0,1,0,0,,2,,0,2,,1,1,2,2,2,1,1,1,1,1,1,1,2,2,1,2,2,2,2,2,2,1,1,1
2,444,1250,0,1,0,0,0,0,0,0,0,0,0,,1,0,0,2,0,0,0,0,0,0,,2,,58,3,,1,1,2,2,2,1,1,2,2,1,2,2,2,2,1,1,1,1,2,2,2,2,2,1
1,445,4500,0,1,0,0,2,0,0,0,0,0,0,,2,0,0,0,0,0,0,1,0,0,,2,,0,1,,1,1,1,2,2,1,1,1,1,1,1,1,2,2,1,2,1,1,2,2,2,1,1,2
2,446,3870,0,1,0,0,0,0,0,0,0,0,0,,0,1,0,0,0,0,0,2,0,0,,2,,45,1,,1,1,1,2,2,1,1,1,1,1,1,1,2,2,1,1,2,2,2,2,2,1,1,1
1,447,7000,0,1,0,0,0,0,0,0,0,0,0,,2,0,0,0,0,0,0,1,0,0,,2,,37,1,,1,1,1,2,2,1,1,1,1,1,1,1,2,2,1,2,1,1,2,2,2,1,1,1
2,448,580,0,2,0,1,0,0,0,0,0,0,0,,2,1,0,0,0,0,0,0,0,0,,2,,70,2,,1,1,2,2,2,1,1,2,2,1,2,2,2,2,1,2,1,1,2,2,2,1,1,1
1,449,1792,0,2,0,1,0,0,0,0,0,0,0,,0,2,0,1,0,0,0,0,0,0,,2,,75,2,,1,1,1,2,2,1,1,2,2,1,1,2,2,1,1,1,1,1,2,2,2,1,1,1
2,450,850,0,1,0,2,0,0,0,0,0,0,0,,0,1,0,2,0,0,0,0,0,0,,2,,19,2,,1,1,2,2,2,1,2,2,2,1,2,2,2,2,1,1,1,1,2,1,2,2,1,1
1,451,510,2,1,0,0,0,0,0,0,0,0,0,,0,1,0,2,0,0,0,0,0,0,,2,,24,3,,1,1,2,2,2,1,1,2,2,1,2,2,2,2,1,2,1,2,2,2,2,2,1,1
2,452,350,0,1,0,0,0,0,0,0,0,0,0,,0,2,0,1,0,0,0,0,0,0,,2,,40,2,,1,1,1,2,2,1,1,2,2,1,2,2,2,2,1,2,1,1,2,1,1,2,1,1
1,453,400,0,1,0,0,0,0,0,0,0,0,0,,0,1,0,2,0,0,0,0,0,0,,2,,50,2,,1,1,2,2,2,1,1,2,2,2,2,2,2,2,1,1,2,2,2,2,2,2,2,1
2,454,650,1,2,0,0,0,0,0,0,0,0,0,,0,2,0,1,0,0,0,0,0,0,,2,,35,3,,2,,,,,,,2,1,1,2,2,2,2,1,1,1,1,2,2,2,1,1,1
1,455,560,1,2,0,0,0,0,0,0,0,0,0,,0,1,0,2,0,0,0,0,0,0,,2,,9,2,,1,,,,,,,2,2,1,2,2,2,1,1,1,2,2,2,2,2,1,1,1
2,456,1250,2,1,0,0,0,0,0,0,0,0,0,,0,1,0,2,0,0,0,0,0,0,,2,,18,3,,1,1,2,2,2,1,1,2,2,1,2,2,2,1,1,1,1,1,2,1,1,1,1,1
1,457,10000,2,1,0,0,0,0,0,0,0,0,0,,1,0,0,0,2,0,0,0,0,0,,5,,0,1,,1,1,1,2,2,1,1,1,1,1,1,1,1,1,1,1,1,1,2,2,1,1,1,1
2,458,600,0,1,0,0,0,0,0,0,0,0,0,,0,0,0,2,0,0,0,1,0,0,,2,,9,1,,1,1,1,2,2,1,1,1,1,1,1,1,2,1,1,1,1,1,2,1,2,1,2,2
1,459,5000,2,1,0,0,0,0,0,0,0,0,0,,1,0,0,2,0,0,0,0,0,0,,2,,0,1,,1,1,1,2,2,1,1,1,1,1,1,1,1,2,1,1,1,1,2,1,1,1,1,1
2,460,2000,0,1,0,0,0,0,0,0,0,0,0,,0,0,0,1,0,0,0,2,0,0,,5,,0,1,,1,1,1,2,2,1,1,1,1,1,1,1,1,2,1,1,1,1,2,2,2,2,1,1
1,461,5000,2,1,0,0,0,0,0,0,0,0,0,,1,0,0,2,0,0,0,0,0,0,,2,,7,1,,1,1,1,2,2,1,1,1,1,1,1,1,1,1,1,2,2,1,2,2,2,1,1,1
2,462,4500,0,1,0,0,0,0,0,0,0,0,0,,0,0,0,2,0,0,0,1,0,0,,2,,0,1,,1,1,1,2,2,1,1,1,1,1,1,1,1,2,1,1,2,2,2,2,2,2,2,2
1,463,3752,0,1,0,0,2,0,0,0,0,0,0,,1,0,0,0,0,0,0,2,0,0,,1,,0,1,,1,1,1,2,2,2,1,1,1,1,2,2,2,2,1,1,1,1,2,1,1,1,2,1
2,464,1700,0,1,0,0,0,0,0,0,0,0,0,,2,0,0,1,0,0,0,0,0,0,,1,,1,1,,1,1,1,2,2,2,1,1,1,1,1,2,2,2,1,1,1,1,2,2,2,2,2,2
1,465,5000,0,1,0,0,0,0,0,0,0,0,0,,1,0,0,0,2,0,0,0,0,0,,5,,2,2,,1,2,1,2,1,2,1,1,1,1,2,2,2,2,1,2,1,1,2,2,1,2,2,1
1,466,3689,0,1,0,0,2,0,0,0,0,0,0,,2,0,0,1,0,0,0,0,0,0,,2,,0,1,,1,1,1,2,2,2,1,1,1,1,2,1,2,2,1,1,1,1,2,2,2,1,2,1
2,467,1230,2,1,0,0,0,0,0,0,0,0,0,,0,0,0,2,1,0,0,0,0,0,,3,,1,2,,1,,1,,,2,1,1,1,1,1,1,2,2,1,1,1,1,1,2,2,2,2,1
1,468,1354,0,1,0,0,0,0,0,0,0,0,0,,1,0,0,2,0,0,0,0,0,0,,2,,19,2,,1,,,,,,,1,1,1,2,2,2,2,1,2,1,1,2,2,2,2,2,1
2,469,5000,0,1,0,0,0,0,0,0,0,0,0,,2,0,0,1,0,0,0,0,0,0,,2,,33,2,,1,1,1,2,2,2,1,1,1,1,1,1,2,2,1,1,1,1,2,2,2,1,2,1
1,470,8935,0,1,0,0,0,0,0,0,0,0,0,,1,0,0,0,0,0,0,2,0,0,,2,,30,1,,1,1,2,2,2,1,1,2,1,1,2,1,2,2,1,2,1,1,1,1,2,1,2,1
2,471,6500,0,1,0,0,0,0,0,0,0,0,0,,1,0,2,0,0,0,0,0,0,0,,2,,54,2,,1,2,1,2,2,2,2,1,1,1,1,1,1,2,1,1,1,1,1,1,2,1,1,1
1,472,11400,0,1,0,0,2,0,0,0,0,0,0,,1,0,0,2,0,0,0,0,0,0,,3,,16,1,,1,1,1,2,2,1,1,1,1,1,1,1,1,1,1,1,1,1,1,1,1,1,2,1
2,473,5000,1,2,0,0,0,0,0,0,0,0,0,,2,0,0,1,0,0,0,0,0,0,,2,,27,2,,1,,,,,,,1,1,1,1,1,2,2,1,1,1,1,2,1,2,2,2,1
1,474,285,0,1,0,0,0,0,0,0,0,0,0,,2,0,0,1,0,0,0,0,0,0,,2,,3,3,,1,1,2,2,2,1,1,2,2,1,2,1,2,2,1,2,1,1,1,2,2,2,2,1
2,475,705,0,1,0,0,0,0,0,0,0,0,0,,2,0,0,1,0,0,0,0,0,0,,2,,74,3,,2,,,,,,,2,2,1,2,2,2,2,1,2,2,2,1,2,2,2,2,2
2,476,1500,0,1,0,0,0,0,0,0,0,0,0,,0,1,0,2,0,0,0,0,0,0,,5,,12,1,,1,1,1,2,2,2,1,1,1,1,1,1,2,2,1,1,1,1,2,2,2,1,1,1
1,477,2100,0,1,0,0,0,0,0,0,0,0,0,,1,0,0,0,0,0,0,2,0,0,,2,,40,1,,1,2,1,2,2,2,1,1,1,1,1,1,2,2,1,2,2,2,1,2,2,1,2,1
2,478,1200,0,2,0,0,1,0,0,0,0,0,0,,1,0,0,2,0,0,0,0,0,0,,2,,6,2,,1,1,1,2,2,2,1,1,1,1,2,2,2,2,2,2,1,2,2,2,2,1,2,1
1,479,1000,0,0,0,0,1,0,0,0,0,0,0,,1,0,0,0,0,0,0,0,0,0,,5,,5,2,,1,1,2,,2,1,1,1,2,1,2,2,2,1,1,1,1,1,1,2,2,1,2,1
2,480,810,2,1,0,0,0,0,0,0,0,0,0,,0,1,0,2,0,0,0,0,0,0,,3,,0,3,,1,1,2,2,2,1,1,2,1,2,2,2,2,2,1,1,1,1,2,2,2,1,2,1
1,481,2512,2,1,0,0,0,0,0,0,0,0,0,,1,0,0,2,0,0,0,0,0,0,,2,,0,2,,1,1,1,2,2,1,1,1,1,1,1,1,1,2,1,2,1,1,2,2,2,1,1,1
2,482,2000,0,1,0,0,0,0,0,0,0,0,0,,1,0,0,2,0,0,0,0,0,0,,5,,25,2,,1,2,1,2,2,2,1,1,1,1,1,1,2,2,1,1,1,1,1,2,2,1,1,1
1,483,3700,0,1,0,0,0,0,0,0,0,0,0,,1,0,0,2,0,0,0,0,0,0,,3,,28,1,,1,1,1,2,2,2,1,1,2,1,1,1,2,2,1,2,1,2,2,2,2,1,2,1
2,484,16000,0,1,0,0,0,0,0,0,0,0,0,,1,0,0,0,0,0,0,2,0,0,,5,,55,1,,1,1,1,,2,2,1,1,1,1,1,2,2,2,1,1,1,1,1,1,2,1,1,1
1,485,4300,0,1,0,0,0,0,0,0,0,0,0,,1,0,0,0,0,0,0,0,0,0,,5,,3,1,,1,2,1,2,2,2,1,1,1,1,2,2,2,2,2,1,2,1,1,2,1,2,2,1
2,486,7000,0,1,0,0,0,0,0,0,0,0,0,,1,0,2,0,0,0,0,0,0,0,,2,,10,2,,1,1,1,2,2,2,2,1,1,1,2,2,2,1,1,1,1,1,1,1,2,2,1,1
1,487,1150,0,1,0,0,0,0,0,0,0,0,0,,1,0,0,0,2,0,0,0,0,0,,5,,6,2,,1,1,1,2,2,2,1,1,1,1,2,2,2,2,1,1,1,1,1,2,2,2,2,1
2,488,815,0,1,0,0,0,0,0,0,0,0,0,,2,0,0,1,0,0,0,0,0,0,,2,,80,3,,2,,,,,,,2,1,1,2,2,2,2,1,1,1,1,2,1,2,2,2,2
1,489,300,0,1,0,0,0,0,0,0,0,0,0,,2,0,0,1,0,0,0,0,0,0,,5,,9,3,,2,,,,,,,2,1,1,2,2,2,2,1,1,1,2,2,2,2,2,2,1
2,490,12000,0,1,0,0,0,0,0,0,0,2,0,,0,0,0,1,0,0,0,2,0,0,,3,,62,3,,1,2,1,2,2,2,1,2,1,1,2,1,2,2,1,2,1,1,2,2,1,2,2,1
1,491,20105,1,0,2,0,0,0,0,0,0,0,0,,1,0,0,2,0,0,0,0,0,0,,2,,0,1,,1,1,2,2,2,1,1,1,1,2,2,2,2,2,1,2,1,1,1,1,1,1,1,1
2,492,15000,1,2,0,0,0,0,0,0,0,0,0,,2,0,0,0,0,0,0,1,0,0,,5,,3,1,,1,1,2,2,2,1,1,1,1,1,1,1,2,2,1,1,1,1,2,2,2,1,2,1
1,493,3000,1,2,0,0,0,0,0,0,0,0,0,,0,2,0,0,0,0,0,1,0,0,,2,,0,1,,1,1,2,2,2,1,1,2,2,1,1,2,2,2,1,1,1,1,2,2,1,1,1,1
2,494,1500,1,2,0,0,0,0,0,0,0,0,0,,0,0,0,0,0,0,0,0,1,0,,2,,0,2,,1,1,1,2,2,1,1,1,1,1,1,1,2,2,1,2,1,2,2,2,2,1,1,1
1,495,7800,1,2,0,0,0,0,0,0,0,0,0,,0,2,0,0,0,0,0,1,0,0,,2,,0,2,,1,1,2,2,2,1,1,2,2,1,1,1,2,2,1,1,1,1,2,2,1,1,1,1
2,496,10000,1,2,0,0,0,0,0,0,0,0,0,,2,0,0,0,0,0,0,1,0,0,,1,,1,3,,1,1,2,2,2,1,1,1,1,1,1,2,2,2,1,1,1,1,2,1,2,2,1,1
1,497,3000,1,2,0,0,0,0,0,0,0,0,0,,2,0,0,0,0,0,0,1,0,0,,2,,0,1,,1,1,2,2,2,1,1,1,1,1,1,1,2,2,1,1,1,1,2,2,2,1,1,1
2,498,12000,1,2,0,0,0,0,0,0,0,0,0,,1,0,2,0,0,0,0,0,0,0,,1,,1,1,,1,1,2,2,2,1,1,1,1,2,2,2,1,1,2,2,2,2,1,2,2,1,1,1
1,499,4300,1,2,0,0,0,0,0,0,0,0,0,,2,0,0,0,0,0,0,1,0,0,,2,,0,1,,1,1,2,2,2,1,1,1,1,1,1,2,2,1,1,1,1,1,2,2,1,1,1,1
2,500,11000,1,2,0,0,0,0,0,0,0,0,0,,1,0,0,0,0,0,0,0,0,0,,3,,3,3,,1,1,2,2,2,1,1,1,1,1,2,2,2,2,1,2,1,1,2,2,2,1,2,1
1,501,360000,1,2,0,0,0,0,0,0,0,0,0,,2,0,0,0,0,0,0,1,0,0,,2,,0,1,,1,1,1,2,2,1,1,2,2,1,1,1,2,2,1,1,1,1,2,2,1,1,1,1
2,502,8000,1,0,2,0,0,0,0,0,0,0,0,,1,0,0,2,0,0,0,0,0,0,,5,,2,2,,1,1,2,2,2,1,1,1,1,1,1,2,2,2,1,2,2,2,2,2,2,1,2,1
1,503,3500,1,2,0,0,0,0,0,0,0,0,0,,1,0,0,2,0,0,0,0,0,0,,3,,10,2,,1,,,,,,,2,1,2,1,2,2,2,1,1,1,1,1,2,1,1,1,1
2,504,3000,1,0,0,0,0,0,0,0,0,0,0,,2,1,0,0,0,0,0,0,0,0,,2,,61,1,,1,1,1,2,2,2,2,2,2,1,1,2,2,2,1,2,1,1,2,2,2,1,2,1
1,505,400,1,2,0,0,0,0,0,0,0,0,0,,1,0,0,2,0,0,0,0,0,0,,2,,15,6,"voie qui a des trous",2,,,,,,,2,1,1,2,2,2,2,1,1,2,1,2,2,2,2,1,1
2,506,2700,1,2,0,0,0,0,0,0,0,0,0,,1,0,0,2,0,0,0,0,0,0,,4,,19,2,,1,1,1,2,2,2,1,2,1,1,1,2,2,2,1,1,1,,1,,,,,1
1,507,527,1,0,0,0,2,0,0,0,0,0,0,,1,0,0,0,0,0,0,0,0,0,,2,,35,3,,2,,,,,,,2,1,1,1,2,2,2,1,1,1,2,2,2,1,2,2,1
1,508,4320,1,2,0,0,0,0,0,0,0,0,0,,1,0,0,2,0,0,0,0,0,0,,2,,0,3,,1,1,2,2,2,1,1,1,1,1,1,2,2,2,1,1,1,1,1,1,2,1,1,1
2,509,9999,1,0,2,0,0,0,0,0,0,0,0,,0,1,0,2,0,0,0,0,0,0,,5,,12,3,,1,1,1,2,2,2,1,1,1,1,2,2,2,2,1,2,1,1,2,2,1,1,1,2
1,510,1000,1,2,0,0,0,0,0,0,0,0,0,,1,0,0,0,0,0,0,2,0,0,,5,,25,2,,1,2,1,2,2,2,2,1,1,1,2,2,2,2,1,1,1,2,2,2,2,2,2,1
2,511,11000,1,0,0,2,0,0,0,0,0,0,0,,1,0,0,2,0,0,0,0,0,0,,3,,3,3,,1,1,2,2,2,1,2,2,1,1,1,2,2,2,1,2,1,2,2,2,1,1,2,1
1,512,2080,1,2,0,0,0,0,0,0,0,0,0,,1,0,0,2,0,0,0,0,0,0,,2,,6,2,,1,,,,,,,2,1,1,2,2,2,2,1,1,1,1,2,2,2,1,2,1
2,513,3050,1,2,0,0,0,0,0,0,0,0,0,,1,2,0,0,0,0,0,0,0,0,,3,,0,2,,1,1,2,2,2,1,1,1,1,1,1,2,2,2,1,2,2,1,1,2,2,1,1,1
1,514,939,1,2,0,0,0,0,0,0,0,0,0,,1,0,0,0,0,0,0,2,0,0,,2,,0,1,,1,2,1,2,2,2,1,1,1,1,1,1,2,2,1,2,1,1,1,1,1,1,1,1
2,515,750,1,2,0,0,0,0,0,0,0,0,0,,2,0,0,0,0,0,0,1,0,0,,3,,2,3,,2,,,,,,,1,1,1,1,2,2,2,1,1,2,1,2,2,2,2,1,1
1,516,500,1,2,0,0,0,0,0,0,0,0,0,,2,0,0,0,0,0,0,1,0,0,,2,,0,1,,1,2,1,2,2,2,1,1,1,1,1,1,2,2,1,2,1,1,1,1,1,1,1,1
2,517,6000,2,0,0,1,0,0,0,0,0,0,0,,0,1,2,0,0,0,0,0,0,0,,3,,11,3,,2,,,,,,,1,1,1,1,2,2,2,1,1,1,1,1,2,2,1,1,1
1,518,720,1,2,0,0,0,0,0,0,0,0,0,,1,0,0,0,0,0,0,0,0,0,,2,,10,2,,1,,1,,,2,1,2,1,1,1,2,,2,1,1,2,2,2,2,2,1,2,1
2,519,1900,1,2,0,0,0,0,0,0,0,0,0,,1,0,0,2,0,0,0,0,0,0,,5,,22,3,,2,,,,,,,2,2,1,1,2,2,2,1,2,2,2,1,2,2,2,2,1
1,520,1000,1,2,0,0,0,0,0,0,0,0,0,,1,0,0,2,0,0,0,0,0,0,,2,,70,3,,2,,,,,,,2,1,1,2,2,2,2,1,1,1,2,2,2,2,2,2,1
2,521,3998,1,2,0,0,0,0,0,0,0,0,0,,1,0,0,2,0,0,0,0,0,0,,2,,0,2,,1,,,,,,,1,1,1,2,2,2,2,1,2,1,1,1,2,1,1,2,1
1,522,5000,1,2,0,0,0,0,0,0,0,0,0,,1,0,0,2,0,0,0,0,0,0,,2,,35,1,,1,2,1,2,2,2,1,1,1,1,1,1,2,2,1,1,1,1,1,1,1,1,1,1
2,523,1500,1,2,0,0,0,0,0,0,0,0,0,,1,0,0,0,0,0,0,2,0,0,,2,,0,1,,1,,,,,,,1,1,1,1,1,2,2,1,1,1,1,2,2,2,1,1,1
2,524,800,1,0,0,0,0,0,0,0,0,0,0,,1,0,0,2,0,0,0,0,0,0,,2,,84,3,,1,2,1,2,2,2,1,1,1,1,2,2,2,2,1,1,2,2,1,2,1,1,1,1
1,525,1200,1,2,0,0,0,0,0,0,0,0,0,,1,0,0,0,0,0,0,0,0,0,,2,,55,3,,2,,,,,,,2,2,1,2,2,2,2,1,2,1,2,2,2,2,2,2,1
2,526,4000,1,0,0,0,0,0,0,0,0,0,0,,0,1,0,2,0,0,0,0,0,0,,2,,7,2,,1,,,,,,,1,1,1,1,1,2,2,1,1,1,1,2,2,1,1,1,1
1,527,8000,0,1,0,0,0,0,0,0,0,0,2,"Malinké",1,0,0,0,0,0,0,2,0,0,,2,,0,1,,1,2,1,2,2,2,1,1,1,1,1,1,2,2,1,1,1,2,2,2,2,2,1,1
2,528,10000,0,2,0,1,0,0,0,0,0,0,0,,0,0,0,0,0,0,0,1,2,0,,2,,0,1,,1,1,1,2,2,2,1,1,1,1,1,1,2,2,1,,1,,,,,1,1,1
1,529,6000,0,1,0,0,0,0,0,0,0,0,2,"DIALONKE",1,0,0,0,0,0,0,2,0,0,,2,,0,1,,1,2,1,2,2,2,1,1,1,1,1,2,2,2,1,2,1,2,2,2,2,1,1,1
2,530,3500,0,2,0,1,0,0,0,0,0,0,0,,0,0,0,0,0,0,0,1,2,0,,3,,0,1,,1,1,1,2,2,1,1,1,1,1,1,1,2,2,1,2,1,2,2,2,2,1,2,1
1,531,10000,0,1,0,2,0,0,0,0,0,0,0,,1,0,0,0,0,0,0,2,0,0,,3,,0,1,,1,1,1,2,2,2,1,1,1,1,1,1,2,2,1,2,1,2,2,2,2,1,1,1
2,532,1500,0,1,0,2,0,0,0,0,0,0,0,,0,0,0,0,0,0,0,1,2,0,,3,,0,1,,1,1,1,2,2,1,1,1,1,1,1,1,2,2,1,2,1,1,2,2,2,1,2,1
1,533,9000,0,1,0,2,0,0,0,0,0,0,0,,1,0,0,0,0,0,0,2,0,0,,3,,0,2,,1,,,,,,,1,2,1,1,2,2,2,1,2,1,2,2,2,1,1,1,1
2,534,5000,0,1,0,2,0,0,0,0,0,0,0,,0,0,0,0,0,0,0,1,2,0,,3,,0,1,,1,1,1,2,2,1,1,1,1,1,1,1,2,2,1,,1,1,,,,1,,1
1,535,1500,0,1,0,2,0,0,0,0,0,0,0,,2,0,0,0,0,0,0,1,0,0,,2,,0,2,,1,1,1,2,2,1,1,1,1,1,2,2,2,2,1,1,2,1,1,2,1,1,2,1
2,536,3000,0,1,0,2,0,0,0,0,0,0,0,,0,0,0,0,0,0,0,1,2,0,,3,,0,1,,1,1,1,2,2,1,1,1,1,1,1,1,2,2,1,2,1,2,2,2,2,2,2,1
1,537,1500,0,1,0,2,0,0,0,0,0,0,0,,2,0,0,0,0,0,0,1,0,0,,3,,0,1,,1,,,,,,,1,1,1,1,2,2,2,1,1,2,1,2,2,1,1,2,1
2,538,1500,0,1,0,2,0,0,0,0,0,0,0,,0,0,0,0,0,2,0,1,0,0,,2,,0,2,,1,2,1,2,2,2,1,1,1,1,1,2,2,2,1,2,1,2,2,1,1,1,2,1
1,539,1200,0,1,0,2,0,0,0,0,0,0,0,,0,2,0,0,0,0,0,1,0,0,,2,,0,1,,1,,,,,,,1,1,1,1,2,2,2,1,1,1,1,2,2,1,1,1,1
2,540,8000,0,1,0,2,0,0,0,0,0,0,0,,1,0,0,2,0,0,0,0,0,0,,3,,0,2,,1,,,,,,,1,1,1,1,1,2,2,1,2,1,2,2,2,1,1,1,1
1,541,1300,0,1,0,0,2,0,0,0,0,0,0,,1,2,0,0,0,0,0,0,0,0,,3,,0,1,,1,,,,,,,1,1,1,1,2,2,2,1,1,1,1,1,2,1,1,1,1
2,542,550,0,2,0,1,0,0,0,0,0,0,0,,2,0,1,0,0,0,0,0,0,0,,3,,0,1,,1,,,,,,,1,2,1,2,2,2,2,1,2,1,1,2,2,2,1,2,1
1,543,1400,0,1,0,2,0,0,0,0,0,0,0,,1,0,2,0,0,0,0,0,0,0,,3,,0,1,,1,2,1,2,2,2,1,2,1,1,1,2,2,2,1,1,1,1,2,2,1,1,2,1
2,544,550,0,2,0,1,0,0,0,0,0,0,0,,2,0,1,0,0,0,0,0,0,0,,3,,0,1,,1,,,,,,,1,2,1,2,2,2,2,1,2,1,1,2,2,2,1,2,1
1,545,3000,2,1,0,0,0,0,0,0,0,0,0,,1,0,0,2,0,0,0,0,0,0,,3,,0,2,,1,,,,,,,2,2,1,1,2,2,2,1,1,2,2,2,2,2,1,1,1
1,546,300,2,1,0,0,0,0,0,0,0,0,0,,1,0,0,0,0,0,0,0,0,0,,2,,2,2,,1,1,1,2,2,1,1,2,1,1,2,2,2,2,1,2,1,2,2,1,2,2,2,1
2,547,2000,0,1,0,2,0,0,0,0,0,0,0,,1,0,0,2,0,0,0,0,0,0,,1,,29,2,,1,1,2,2,2,1,1,1,1,1,2,2,2,2,1,2,1,1,2,1,2,1,2,1
1,548,3000,0,0,0,0,0,0,0,0,0,0,1,"malingue",0,0,2,0,0,1,0,0,0,0,,2,,45,2,,1,1,1,2,2,1,1,2,1,1,2,2,2,2,1,1,2,1,2,2,2,1,2,1
2,549,1250,0,1,0,0,0,0,0,0,0,0,0,,1,0,0,2,0,0,0,0,0,0,,4,,24,2,,1,,,,,,,2,2,1,2,2,2,2,1,2,1,1,2,2,2,2,2,1
1,550,1314,0,1,0,0,0,0,0,0,0,0,2,"dialongue",1,0,0,2,0,0,0,0,0,0,,2,,35,2,,1,1,1,2,2,2,2,2,1,1,2,2,2,2,1,1,1,1,1,2,2,1,1,1
2,551,440,0,1,0,0,0,0,0,0,0,0,0,,1,0,0,2,0,0,0,0,0,0,,2,,37,3,,2,,,,,,,2,2,1,2,2,2,2,1,2,1,2,2,2,2,1,2,1
1,552,582,0,1,0,0,0,0,0,0,0,0,0,,1,0,0,2,0,0,0,0,0,0,,2,,45,3,,1,1,2,2,2,1,2,2,1,1,2,2,2,2,1,2,2,1,2,2,2,2,2,1
2,553,1500,0,1,0,2,0,0,0,0,0,0,0,,1,0,0,2,0,0,0,0,0,0,,3,,40,2,,1,1,1,2,2,1,1,2,1,1,1,2,2,2,1,1,1,1,2,2,1,1,2,1
1,554,946,0,1,0,0,0,0,0,0,0,0,2,"Dialongue",1,0,0,0,0,0,0,2,0,0,,1,,28,2,,1,,,,,,,1,1,1,2,2,2,2,1,2,2,1,2,2,2,1,2,1
2,555,600,0,1,0,0,0,0,0,0,0,0,2,"BASSARI",1,0,0,2,0,0,0,0,0,0,,3,,3,3,,2,,,,,,,2,2,1,2,2,2,2,1,2,2,2,2,2,2,1,2,1
2,556,700,0,1,0,0,0,0,0,0,0,0,2,"FRAÇAIS",1,0,0,2,0,0,0,0,0,0,,1,,35,3,,2,,,,,,,2,2,2,2,2,2,2,1,2,1,1,2,2,2,2,2,1
1,557,300,0,1,0,0,0,0,0,0,0,0,0,,1,0,0,2,0,0,0,0,0,0,,3,,9,3,,1,1,2,2,2,1,1,1,1,1,2,2,2,2,1,1,1,1,1,1,1,1,2,1
2,558,500,0,2,0,0,0,0,0,0,0,0,1,"BASSARY",1,0,0,2,0,0,0,0,0,0,,3,,20,3,,2,,,,,,,2,2,1,2,2,2,2,1,2,2,2,2,2,2,2,2,1
1,559,1000,0,1,0,2,0,0,0,0,0,0,0,,1,2,0,0,0,0,0,0,0,0,,1,,40,2,,1,,,,,,,2,2,1,2,2,2,2,1,1,2,1,2,2,2,2,2,1
2,560,2000,0,2,0,1,0,0,0,0,0,0,0,,1,0,2,0,0,0,0,0,0,0,,3,,60,2,,1,1,1,2,2,1,1,2,2,1,2,2,2,1,1,2,1,2,2,2,2,2,2,1
1,561,1400,0,2,0,0,1,0,0,0,0,0,0,,2,0,0,0,0,1,0,0,0,0,,1,,45,3,,2,,,,,,,2,2,2,2,2,2,2,1,1,2,2,2,2,2,2,2,2
2,562,2000,0,2,0,1,0,0,0,0,0,0,0,,0,0,2,0,0,1,0,0,0,0,,3,,42,2,,1,1,1,2,2,1,1,2,1,1,1,2,2,2,1,2,2,2,2,2,2,2,2,1
1,563,1000,0,1,0,2,0,0,0,0,0,0,0,,2,0,0,0,0,1,0,0,0,0,,1,,40,3,,2,,,,,,,2,2,2,2,2,2,2,1,1,2,2,2,2,2,2,2,2
2,564,1000,0,2,0,1,0,0,0,0,0,0,0,,2,0,0,0,0,1,0,0,0,0,,3,,80,2,,1,1,2,2,2,1,1,2,2,1,2,2,2,2,1,2,2,2,2,2,2,2,2,1
1,565,4142,2,0,0,1,0,0,0,0,0,0,0,,1,0,0,0,0,0,0,2,0,0,,2,,0,1,,1,1,1,2,1,1,1,1,1,1,1,1,2,1,1,1,1,1,1,1,1,1,1,1
2,566,9999,1,0,0,2,0,0,0,0,0,0,0,,0,0,0,2,0,0,0,1,0,0,,2,,0,1,,1,1,1,2,2,1,1,1,1,1,1,1,2,2,1,2,1,1,1,1,1,1,1,1
1,567,2577,0,2,0,1,0,0,0,0,0,0,0,,0,0,0,1,0,0,0,2,0,0,,3,,0,2,,1,1,1,2,2,1,1,1,1,1,1,1,2,2,1,1,1,1,2,2,2,2,2,1
2,568,2907,0,1,0,2,0,0,0,0,0,0,0,,2,0,0,0,0,0,0,1,0,0,,2,,4,1,,1,1,1,2,1,1,1,1,1,1,1,1,2,2,1,1,1,1,2,2,1,1,1,1
1,569,3000,2,0,0,1,0,0,0,0,0,0,0,,2,0,0,0,0,0,0,1,0,0,,3,,0,1,,1,1,1,2,1,1,1,1,1,1,1,2,2,2,1,1,1,1,2,2,2,1,2,1
2,570,9999,0,0,0,1,0,2,0,0,0,0,0,,0,1,0,0,2,0,0,0,0,0,,2,,30,1,,1,1,1,2,1,1,1,1,1,1,1,1,2,2,1,1,1,1,2,2,1,1,1,1
1,571,1500,0,0,0,1,0,0,0,0,2,0,0,,1,0,0,0,0,0,0,2,0,0,,3,,1,1,,1,1,1,2,2,1,1,2,2,1,1,2,2,2,1,1,1,1,2,2,2,2,1,1
1,572,1463,0,0,0,1,0,0,0,0,2,0,0,,1,0,0,0,2,0,0,0,0,0,,1,,7,3,,1,1,1,2,1,1,1,2,2,1,2,2,2,2,1,1,1,2,2,2,2,1,2,1
2,573,3000,0,1,0,2,0,0,0,0,0,0,0,,0,2,0,1,0,0,0,0,0,0,,2,,21,1,,1,1,1,2,2,1,1,1,1,1,1,1,2,2,1,2,1,1,1,2,1,1,2,1
1,574,,0,0,0,2,0,1,0,0,0,0,0,,1,0,2,0,0,0,0,0,0,0,,3,,22,3,,1,1,1,2,1,1,1,2,2,2,2,2,2,2,1,2,1,1,1,2,2,2,2,1
2,575,9999,0,0,0,1,0,2,0,0,0,0,0,,2,0,0,1,0,0,0,0,0,0,,2,,50,1,,1,1,1,2,1,1,1,2,2,1,1,2,2,2,1,2,1,1,2,2,2,1,1,1
1,576,2000,0,0,0,0,0,0,1,0,2,0,0,,1,0,2,0,0,0,0,0,0,0,,3,,5,3,,1,1,1,2,1,1,1,1,1,2,2,2,2,2,1,1,1,1,2,2,2,2,2,1
2,577,2089,0,1,0,2,0,0,0,0,0,0,0,,2,0,0,1,0,0,0,0,0,0,,2,,1,1,,1,1,1,2,2,1,1,1,1,1,1,1,2,2,1,2,2,2,2,1,1,1,1,1
1,578,2800,0,2,0,1,0,0,0,0,0,0,0,,1,0,0,0,0,0,0,2,0,0,,1,,0,1,,1,1,1,2,2,1,1,1,1,1,1,2,2,2,1,1,1,1,2,2,2,1,2,1
2,579,1596,0,1,0,2,0,0,0,0,0,0,0,,2,0,0,0,0,0,0,1,0,0,,2,,4,1,,1,1,1,2,2,1,1,1,1,1,1,1,2,2,1,1,1,1,2,2,1,1,1,1
1,580,2500,2,1,0,0,0,0,0,0,0,0,0,,1,0,0,0,0,0,0,0,0,0,,2,,45,1,,1,1,1,2,2,1,2,1,1,1,1,2,2,1,1,2,1,2,2,2,2,1,2,1
2,581,1316,2,1,0,0,0,0,0,0,0,0,0,,1,0,0,2,0,0,0,0,0,0,,2,,20,1,,1,1,1,2,2,1,1,2,1,1,2,2,2,1,1,2,1,1,2,2,2,1,2,1
1,582,2500,2,1,0,0,0,0,0,0,0,0,0,,0,1,0,0,0,0,0,2,0,0,,2,,88,1,,1,,,,,,,1,2,1,1,2,2,2,1,2,1,1,2,2,2,1,1,1
2,583,2500,0,1,0,2,0,0,0,0,0,0,0,,1,0,0,2,0,0,0,0,0,0,,2,,32,2,,1,1,1,2,2,1,1,2,2,1,1,1,2,1,1,2,2,2,2,2,2,1,1,1
1,584,2000,0,0,0,1,0,2,0,0,0,0,0,,1,0,0,0,2,0,0,0,0,0,,2,,50,1,,1,1,1,2,2,2,2,1,2,1,1,2,2,2,1,2,1,1,2,1,1,1,1,1
2,585,9999,0,0,0,1,0,2,0,0,0,0,0,,1,0,0,2,0,0,0,0,0,0,,2,,3,2,,1,1,1,2,1,1,1,1,1,1,1,2,2,2,1,1,1,2,2,1,2,1,1,1
1,586,1600,2,0,0,1,0,0,0,0,0,0,0,,1,0,0,0,0,0,2,0,0,0,,2,,16,3,,1,1,2,2,2,1,1,2,2,1,2,2,2,2,1,2,1,2,2,2,2,1,2,2
2,587,9999,1,2,0,0,0,0,0,0,0,0,0,,1,0,0,2,0,0,0,0,0,0,,2,,8,6,"chemin de sable",1,1,1,2,2,1,1,2,1,1,1,2,2,2,1,2,2,2,2,2,2,1,2,1
2,588,1452,0,0,0,1,0,0,2,0,0,0,0,,0,0,0,0,0,0,0,1,2,0,,2,,0,1,,1,1,1,2,2,1,1,1,1,1,1,1,2,2,1,1,1,1,2,2,1,1,1,1
1,589,3000,0,2,0,1,0,0,0,0,0,0,0,,2,0,0,0,0,0,0,1,0,0,,2,,50,1,,1,1,1,2,2,2,1,1,1,1,1,1,2,2,1,1,1,2,2,2,2,2,2,1
2,590,1352,0,0,0,2,0,0,1,0,0,0,0,,0,0,2,0,1,0,0,0,0,0,,2,,0,2,,1,1,1,2,1,1,1,1,1,1,1,1,2,2,1,1,1,1,1,2,1,1,2,1
1,591,1700,2,0,0,1,0,0,0,0,0,0,0,,1,0,0,0,0,0,0,2,0,0,,2,,85,1,,1,1,1,2,2,2,1,1,1,1,1,2,2,2,1,1,1,2,2,2,2,2,2,1
2,592,2715,0,2,0,1,0,0,0,0,0,0,0,,1,0,0,0,0,0,0,2,0,0,,2,,0,2,,1,1,1,2,1,1,1,1,1,1,1,1,2,2,1,1,1,1,2,2,1,1,1,1
1,593,1017,0,2,0,1,0,0,0,0,0,0,0,,1,0,0,0,2,0,0,0,0,0,,2,,50,1,,1,1,1,2,2,2,1,1,1,1,1,1,2,2,1,2,1,2,2,2,2,1,2,1
2,594,758,0,0,0,1,0,0,0,0,2,0,0,,1,0,0,0,0,0,0,2,0,0,,2,,11,2,,1,1,1,2,2,1,1,2,1,1,1,2,2,2,1,1,1,2,2,2,2,2,2,1
1,595,550,0,0,0,1,0,0,2,0,0,0,0,,0,1,2,0,0,0,0,0,0,0,,2,,30,1,,1,1,1,2,2,1,2,1,2,1,2,2,2,2,1,2,1,2,2,2,2,2,2,1
2,596,857,0,2,0,1,0,0,0,0,0,0,0,,2,1,0,0,0,0,0,0,0,0,,2,,15,2,,1,1,1,2,2,1,2,2,2,2,1,2,2,2,1,1,1,1,1,2,2,1,1,1
1,597,1360,0,0,0,1,0,0,0,0,2,0,0,,1,0,0,0,0,0,0,0,0,2,"Production de charbon de bois",2,,45,1,,1,1,2,2,2,1,3,2,2,1,2,2,2,2,1,1,1,2,2,2,2,2,2,1
2,598,604,0,0,0,1,0,0,0,0,0,0,0,,1,0,0,0,2,0,0,0,0,0,,2,,15,3,,1,1,2,2,1,4,3,2,2,1,1,1,2,2,1,1,1,1,2,2,2,2,2,1
2,121,30000,1,0,0,2,0,0,0,0,0,0,0,,0,0,0,0,0,0,0,2,1,0,,2,,0,1,,1,1,1,2,2,1,1,1,1,1,1,1,2,2,1,1,1,1,2,2,1,1,1,1
